"primary_phone","name_original","governorate_en","category_group","language","message"
"+9647944940999","صاحب المشروع","Anbar","Business","kurdish","سڵاو 🌟
شکو ماکو پلاتفۆرمێکە بۆ دۆزینەوەی بزنس و خزمەتگوزارییەکان بە پێی شار و پۆل.
ئەپەکە ببینە:
https://shakumaku.pages.dev/
بۆ ڕوونکردنەوە ژمارە 2 بنێرە
بۆ ڕاگرتنی نامەکان ژمارە 0 بنێرە"
"+9647905521886","صاحب المشروع","Anbar","Business","kurdish","سڵاو 🌟
شکو ماکو پلاتفۆرمێکە بۆ دۆزینەوەی بزنس و خزمەتگوزارییەکان بە پێی شار و پۆل.
ئەپەکە ببینە:
https://shakumaku.pages.dev/
بۆ ڕوونکردنەوە ژمارە 2 بنێرە
بۆ ڕاگرتنی نامەکان ژمارە 0 بنێرە"
"+9647262207385","صاحب المشروع","Anbar","Business","kurdish","سڵاو 🌟
شکو ماکو پلاتفۆرمێکە بۆ دۆزینەوەی بزنس و خزمەتگوزارییەکان بە پێی شار و پۆل.
ئەپەکە ببینە:
https://shakumaku.pages.dev/
بۆ ڕوونکردنەوە ژمارە 2 بنێرە
بۆ ڕاگرتنی نامەکان ژمارە 0 بنێرە"
"+9647082355887","صاحب المشروع","Anbar","Business","kurdish","سڵاو 🌟
شکو ماکو پلاتفۆرمێکە بۆ دۆزینەوەی بزنس و خزمەتگوزارییەکان بە پێی شار و پۆل.
ئەپەکە ببینە:
https://shakumaku.pages.dev/
بۆ ڕوونکردنەوە ژمارە 2 بنێرە
بۆ ڕاگرتنی نامەکان ژمارە 0 بنێرە"
"+9647082361886","صاحب المشروع","Anbar","Business","kurdish","سڵاو 🌟
شکو ماکو پلاتفۆرمێکە بۆ دۆزینەوەی بزنس و خزمەتگوزارییەکان بە پێی شار و پۆل.
ئەپەکە ببینە:
https://shakumaku.pages.dev/
بۆ ڕوونکردنەوە ژمارە 2 بنێرە
بۆ ڕاگرتنی نامەکان ژمارە 0 بنێرە"
"+9647082361885","صاحب المشروع","Anbar","Business","kurdish","سڵاو 🌟
شکو ماکو پلاتفۆرمێکە بۆ دۆزینەوەی بزنس و خزمەتگوزارییەکان بە پێی شار و پۆل.
ئەپەکە ببینە:
https://shakumaku.pages.dev/
بۆ ڕوونکردنەوە ژمارە 2 بنێرە
بۆ ڕاگرتنی نامەکان ژمارە 0 بنێرە"
"+9647039341285","صاحب المشروع","Anbar","Business","kurdish","سڵاو 🌟
شکو ماکو پلاتفۆرمێکە بۆ دۆزینەوەی بزنس و خزمەتگوزارییەکان بە پێی شار و پۆل.
ئەپەکە ببینە:
https://shakumaku.pages.dev/
بۆ ڕوونکردنەوە ژمارە 2 بنێرە
بۆ ڕاگرتنی نامەکان ژمارە 0 بنێرە"
"+9647068236287","صاحب المشروع","Anbar","Business","kurdish","سڵاو 🌟
شکو ماکو پلاتفۆرمێکە بۆ دۆزینەوەی بزنس و خزمەتگوزارییەکان بە پێی شار و پۆل.
ئەپەکە ببینە:
https://shakumaku.pages.dev/
بۆ ڕوونکردنەوە ژمارە 2 بنێرە
بۆ ڕاگرتنی نامەکان ژمارە 0 بنێرە"
"+9647612981785","صاحب المشروع","Anbar","Business","kurdish","سڵاو 🌟
شکو ماکو پلاتفۆرمێکە بۆ دۆزینەوەی بزنس و خزمەتگوزارییەکان بە پێی شار و پۆل.
ئەپەکە ببینە:
https://shakumaku.pages.dev/
بۆ ڕوونکردنەوە ژمارە 2 بنێرە
بۆ ڕاگرتنی نامەکان ژمارە 0 بنێرە"
"+9647607601788","صاحب المشروع","Anbar","Business","kurdish","سڵاو 🌟
شکو ماکو پلاتفۆرمێکە بۆ دۆزینەوەی بزنس و خزمەتگوزارییەکان بە پێی شار و پۆل.
ئەپەکە ببینە:
https://shakumaku.pages.dev/
بۆ ڕوونکردنەوە ژمارە 2 بنێرە
بۆ ڕاگرتنی نامەکان ژمارە 0 بنێرە"
"+9647612981686","صاحب المشروع","Anbar","Business","kurdish","سڵاو 🌟
شکو ماکو پلاتفۆرمێکە بۆ دۆزینەوەی بزنس و خزمەتگوزارییەکان بە پێی شار و پۆل.
ئەپەکە ببینە:
https://shakumaku.pages.dev/
بۆ ڕوونکردنەوە ژمارە 2 بنێرە
بۆ ڕاگرتنی نامەکان ژمارە 0 بنێرە"
"+9647354599085","صاحب المشروع","Anbar","Business","kurdish","سڵاو 🌟
شکو ماکو پلاتفۆرمێکە بۆ دۆزینەوەی بزنس و خزمەتگوزارییەکان بە پێی شار و پۆل.
ئەپەکە ببینە:
https://shakumaku.pages.dev/
بۆ ڕوونکردنەوە ژمارە 2 بنێرە
بۆ ڕاگرتنی نامەکان ژمارە 0 بنێرە"
"+9647607724385","صاحب المشروع","Anbar","Business","kurdish","سڵاو 🌟
شکو ماکو پلاتفۆرمێکە بۆ دۆزینەوەی بزنس و خزمەتگوزارییەکان بە پێی شار و پۆل.
ئەپەکە ببینە:
https://shakumaku.pages.dev/
بۆ ڕوونکردنەوە ژمارە 2 بنێرە
بۆ ڕاگرتنی نامەکان ژمارە 0 بنێرە"
"+9647041543385","صاحب المشروع","Anbar","Business","kurdish","سڵاو 🌟
شکو ماکو پلاتفۆرمێکە بۆ دۆزینەوەی بزنس و خزمەتگوزارییەکان بە پێی شار و پۆل.
ئەپەکە ببینە:
https://shakumaku.pages.dev/
بۆ ڕوونکردنەوە ژمارە 2 بنێرە
بۆ ڕاگرتنی نامەکان ژمارە 0 بنێرە"
"+9647607724485","صاحب المشروع","Anbar","Business","kurdish","سڵاو 🌟
شکو ماکو پلاتفۆرمێکە بۆ دۆزینەوەی بزنس و خزمەتگوزارییەکان بە پێی شار و پۆل.
ئەپەکە ببینە:
https://shakumaku.pages.dev/
بۆ ڕوونکردنەوە ژمارە 2 بنێرە
بۆ ڕاگرتنی نامەکان ژمارە 0 بنێرە"
"+9647372922185","صاحب المشروع","Anbar","Business","kurdish","سڵاو 🌟
شکو ماکو پلاتفۆرمێکە بۆ دۆزینەوەی بزنس و خزمەتگوزارییەکان بە پێی شار و پۆل.
ئەپەکە ببینە:
https://shakumaku.pages.dev/
بۆ ڕوونکردنەوە ژمارە 2 بنێرە
بۆ ڕاگرتنی نامەکان ژمارە 0 بنێرە"
"+9647255811685","صاحب المشروع","Babil","Business","kurdish","سڵاو 🌟
شکو ماکو پلاتفۆرمێکە بۆ دۆزینەوەی بزنس و خزمەتگوزارییەکان بە پێی شار و پۆل.
ئەپەکە ببینە:
https://shakumaku.pages.dev/
بۆ ڕوونکردنەوە ژمارە 2 بنێرە
بۆ ڕاگرتنی نامەکان ژمارە 0 بنێرە"
"+9647057792987","صاحب المشروع","Babil","Business","kurdish","سڵاو 🌟
شکو ماکو پلاتفۆرمێکە بۆ دۆزینەوەی بزنس و خزمەتگوزارییەکان بە پێی شار و پۆل.
ئەپەکە ببینە:
https://shakumaku.pages.dev/
بۆ ڕوونکردنەوە ژمارە 2 بنێرە
بۆ ڕاگرتنی نامەکان ژمارە 0 بنێرە"
"+9647106474385","صاحب المشروع","Babil","Business","kurdish","سڵاو 🌟
شکو ماکو پلاتفۆرمێکە بۆ دۆزینەوەی بزنس و خزمەتگوزارییەکان بە پێی شار و پۆل.
ئەپەکە ببینە:
https://shakumaku.pages.dev/
بۆ ڕوونکردنەوە ژمارە 2 بنێرە
بۆ ڕاگرتنی نامەکان ژمارە 0 بنێرە"
"+9647275172185","صاحب المشروع","Babil","Business","kurdish","سڵاو 🌟
شکو ماکو پلاتفۆرمێکە بۆ دۆزینەوەی بزنس و خزمەتگوزارییەکان بە پێی شار و پۆل.
ئەپەکە ببینە:
https://shakumaku.pages.dev/
بۆ ڕوونکردنەوە ژمارە 2 بنێرە
بۆ ڕاگرتنی نامەکان ژمارە 0 بنێرە"
"+9647037772985","صاحب المشروع","Babil","Business","kurdish","سڵاو 🌟
شکو ماکو پلاتفۆرمێکە بۆ دۆزینەوەی بزنس و خزمەتگوزارییەکان بە پێی شار و پۆل.
ئەپەکە ببینە:
https://shakumaku.pages.dev/
بۆ ڕوونکردنەوە ژمارە 2 بنێرە
بۆ ڕاگرتنی نامەکان ژمارە 0 بنێرە"
"+9647922844585","صاحب المشروع","Babil","Business","kurdish","سڵاو 🌟
شکو ماکو پلاتفۆرمێکە بۆ دۆزینەوەی بزنس و خزمەتگوزارییەکان بە پێی شار و پۆل.
ئەپەکە ببینە:
https://shakumaku.pages.dev/
بۆ ڕوونکردنەوە ژمارە 2 بنێرە
بۆ ڕاگرتنی نامەکان ژمارە 0 بنێرە"
"+9647236967085","صاحب المشروع","Babil","Business","kurdish","سڵاو 🌟
شکو ماکو پلاتفۆرمێکە بۆ دۆزینەوەی بزنس و خزمەتگوزارییەکان بە پێی شار و پۆل.
ئەپەکە ببینە:
https://shakumaku.pages.dev/
بۆ ڕوونکردنەوە ژمارە 2 بنێرە
بۆ ڕاگرتنی نامەکان ژمارە 0 بنێرە"
"+9647809306468","صاحب المشروع","Babil","Business","kurdish","سڵاو 🌟
شکو ماکو پلاتفۆرمێکە بۆ دۆزینەوەی بزنس و خزمەتگوزارییەکان بە پێی شار و پۆل.
ئەپەکە ببینە:
https://shakumaku.pages.dev/
بۆ ڕوونکردنەوە ژمارە 2 بنێرە
بۆ ڕاگرتنی نامەکان ژمارە 0 بنێرە"
"+9647143265785","صاحب المشروع","Babil","Business","kurdish","سڵاو 🌟
شکو ماکو پلاتفۆرمێکە بۆ دۆزینەوەی بزنس و خزمەتگوزارییەکان بە پێی شار و پۆل.
ئەپەکە ببینە:
https://shakumaku.pages.dev/
بۆ ڕوونکردنەوە ژمارە 2 بنێرە
بۆ ڕاگرتنی نامەکان ژمارە 0 بنێرە"
"+9647239226485","صاحب المشروع","Babil","Business","kurdish","سڵاو 🌟
شکو ماکو پلاتفۆرمێکە بۆ دۆزینەوەی بزنس و خزمەتگوزارییەکان بە پێی شار و پۆل.
ئەپەکە ببینە:
https://shakumaku.pages.dev/
بۆ ڕوونکردنەوە ژمارە 2 بنێرە
بۆ ڕاگرتنی نامەکان ژمارە 0 بنێرە"
"+9647456537085","صاحب المشروع","Babil","Business","kurdish","سڵاو 🌟
شکو ماکو پلاتفۆرمێکە بۆ دۆزینەوەی بزنس و خزمەتگوزارییەکان بە پێی شار و پۆل.
ئەپەکە ببینە:
https://shakumaku.pages.dev/
بۆ ڕوونکردنەوە ژمارە 2 بنێرە
بۆ ڕاگرتنی نامەکان ژمارە 0 بنێرە"
"+9647858258785","صاحب المشروع","Babil","Business","kurdish","سڵاو 🌟
شکو ماکو پلاتفۆرمێکە بۆ دۆزینەوەی بزنس و خزمەتگوزارییەکان بە پێی شار و پۆل.
ئەپەکە ببینە:
https://shakumaku.pages.dev/
بۆ ڕوونکردنەوە ژمارە 2 بنێرە
بۆ ڕاگرتنی نامەکان ژمارە 0 بنێرە"
"+9647911341485","صاحب المشروع","Babil","Business","kurdish","سڵاو 🌟
شکو ماکو پلاتفۆرمێکە بۆ دۆزینەوەی بزنس و خزمەتگوزارییەکان بە پێی شار و پۆل.
ئەپەکە ببینە:
https://shakumaku.pages.dev/
بۆ ڕوونکردنەوە ژمارە 2 بنێرە
بۆ ڕاگرتنی نامەکان ژمارە 0 بنێرە"
"+9647984290885","صاحب المشروع","Babil","Business","kurdish","سڵاو 🌟
شکو ماکو پلاتفۆرمێکە بۆ دۆزینەوەی بزنس و خزمەتگوزارییەکان بە پێی شار و پۆل.
ئەپەکە ببینە:
https://shakumaku.pages.dev/
بۆ ڕوونکردنەوە ژمارە 2 بنێرە
بۆ ڕاگرتنی نامەکان ژمارە 0 بنێرە"
"+9647976699987","صاحب المشروع","Babil","Business","kurdish","سڵاو 🌟
شکو ماکو پلاتفۆرمێکە بۆ دۆزینەوەی بزنس و خزمەتگوزارییەکان بە پێی شار و پۆل.
ئەپەکە ببینە:
https://shakumaku.pages.dev/
بۆ ڕوونکردنەوە ژمارە 2 بنێرە
بۆ ڕاگرتنی نامەکان ژمارە 0 بنێرە"
"+9647863161285","صاحب المشروع","Babil","Business","kurdish","سڵاو 🌟
شکو ماکو پلاتفۆرمێکە بۆ دۆزینەوەی بزنس و خزمەتگوزارییەکان بە پێی شار و پۆل.
ئەپەکە ببینە:
https://shakumaku.pages.dev/
بۆ ڕوونکردنەوە ژمارە 2 بنێرە
بۆ ڕاگرتنی نامەکان ژمارە 0 بنێرە"
"+9647922820985","صاحب المشروع","Babil","Business","kurdish","سڵاو 🌟
شکو ماکو پلاتفۆرمێکە بۆ دۆزینەوەی بزنس و خزمەتگوزارییەکان بە پێی شار و پۆل.
ئەپەکە ببینە:
https://shakumaku.pages.dev/
بۆ ڕوونکردنەوە ژمارە 2 بنێرە
بۆ ڕاگرتنی نامەکان ژمارە 0 بنێرە"
"+9647425239385","صاحب المشروع","Babil","Business","kurdish","سڵاو 🌟
شکو ماکو پلاتفۆرمێکە بۆ دۆزینەوەی بزنس و خزمەتگوزارییەکان بە پێی شار و پۆل.
ئەپەکە ببینە:
https://shakumaku.pages.dev/
بۆ ڕوونکردنەوە ژمارە 2 بنێرە
بۆ ڕاگرتنی نامەکان ژمارە 0 بنێرە"
"+9647559700786","صاحب المشروع","Babil","Business","kurdish","سڵاو 🌟
شکو ماکو پلاتفۆرمێکە بۆ دۆزینەوەی بزنس و خزمەتگوزارییەکان بە پێی شار و پۆل.
ئەپەکە ببینە:
https://shakumaku.pages.dev/
بۆ ڕوونکردنەوە ژمارە 2 بنێرە
بۆ ڕاگرتنی نامەکان ژمارە 0 بنێرە"
"+9647124290286","صاحب المشروع","Babil","Business","kurdish","سڵاو 🌟
شکو ماکو پلاتفۆرمێکە بۆ دۆزینەوەی بزنس و خزمەتگوزارییەکان بە پێی شار و پۆل.
ئەپەکە ببینە:
https://shakumaku.pages.dev/
بۆ ڕوونکردنەوە ژمارە 2 بنێرە
بۆ ڕاگرتنی نامەکان ژمارە 0 بنێرە"
"+9647941297486","صاحب المشروع","Babil","Business","kurdish","سڵاو 🌟
شکو ماکو پلاتفۆرمێکە بۆ دۆزینەوەی بزنس و خزمەتگوزارییەکان بە پێی شار و پۆل.
ئەپەکە ببینە:
https://shakumaku.pages.dev/
بۆ ڕوونکردنەوە ژمارە 2 بنێرە
بۆ ڕاگرتنی نامەکان ژمارە 0 بنێرە"
"+9647859475885","صاحب المشروع","Babil","Business","kurdish","سڵاو 🌟
شکو ماکو پلاتفۆرمێکە بۆ دۆزینەوەی بزنس و خزمەتگوزارییەکان بە پێی شار و پۆل.
ئەپەکە ببینە:
https://shakumaku.pages.dev/
بۆ ڕوونکردنەوە ژمارە 2 بنێرە
بۆ ڕاگرتنی نامەکان ژمارە 0 بنێرە"
"+9647073387485","صاحب المشروع","Babil","Business","kurdish","سڵاو 🌟
شکو ماکو پلاتفۆرمێکە بۆ دۆزینەوەی بزنس و خزمەتگوزارییەکان بە پێی شار و پۆل.
ئەپەکە ببینە:
https://shakumaku.pages.dev/
بۆ ڕوونکردنەوە ژمارە 2 بنێرە
بۆ ڕاگرتنی نامەکان ژمارە 0 بنێرە"
"+9647903771785","صاحب المشروع","Babil","Business","kurdish","سڵاو 🌟
شکو ماکو پلاتفۆرمێکە بۆ دۆزینەوەی بزنس و خزمەتگوزارییەکان بە پێی شار و پۆل.
ئەپەکە ببینە:
https://shakumaku.pages.dev/
بۆ ڕوونکردنەوە ژمارە 2 بنێرە
بۆ ڕاگرتنی نامەکان ژمارە 0 بنێرە"
"+9647741779385","صاحب المشروع","Babil","Business","kurdish","سڵاو 🌟
شکو ماکو پلاتفۆرمێکە بۆ دۆزینەوەی بزنس و خزمەتگوزارییەکان بە پێی شار و پۆل.
ئەپەکە ببینە:
https://shakumaku.pages.dev/
بۆ ڕوونکردنەوە ژمارە 2 بنێرە
بۆ ڕاگرتنی نامەکان ژمارە 0 بنێرە"
"+9647931252485","صاحب المشروع","Babil","Business","kurdish","سڵاو 🌟
شکو ماکو پلاتفۆرمێکە بۆ دۆزینەوەی بزنس و خزمەتگوزارییەکان بە پێی شار و پۆل.
ئەپەکە ببینە:
https://shakumaku.pages.dev/
بۆ ڕوونکردنەوە ژمارە 2 بنێرە
بۆ ڕاگرتنی نامەکان ژمارە 0 بنێرە"
"+9647416347085","صاحب المشروع","Babil","Business","kurdish","سڵاو 🌟
شکو ماکو پلاتفۆرمێکە بۆ دۆزینەوەی بزنس و خزمەتگوزارییەکان بە پێی شار و پۆل.
ئەپەکە ببینە:
https://shakumaku.pages.dev/
بۆ ڕوونکردنەوە ژمارە 2 بنێرە
بۆ ڕاگرتنی نامەکان ژمارە 0 بنێرە"
"+9647248398790","صاحب المشروع","Babil","Business","kurdish","سڵاو 🌟
شکو ماکو پلاتفۆرمێکە بۆ دۆزینەوەی بزنس و خزمەتگوزارییەکان بە پێی شار و پۆل.
ئەپەکە ببینە:
https://shakumaku.pages.dev/
بۆ ڕوونکردنەوە ژمارە 2 بنێرە
بۆ ڕاگرتنی نامەکان ژمارە 0 بنێرە"
"+9647936678385","صاحب المشروع","Babil","Business","kurdish","سڵاو 🌟
شکو ماکو پلاتفۆرمێکە بۆ دۆزینەوەی بزنس و خزمەتگوزارییەکان بە پێی شار و پۆل.
ئەپەکە ببینە:
https://shakumaku.pages.dev/
بۆ ڕوونکردنەوە ژمارە 2 بنێرە
بۆ ڕاگرتنی نامەکان ژمارە 0 بنێرە"
"+9647086882486","صاحب المشروع","Babil","Business","kurdish","سڵاو 🌟
شکو ماکو پلاتفۆرمێکە بۆ دۆزینەوەی بزنس و خزمەتگوزارییەکان بە پێی شار و پۆل.
ئەپەکە ببینە:
https://shakumaku.pages.dev/
بۆ ڕوونکردنەوە ژمارە 2 بنێرە
بۆ ڕاگرتنی نامەکان ژمارە 0 بنێرە"
"+9647055996286","صاحب المشروع","Babil","Business","kurdish","سڵاو 🌟
شکو ماکو پلاتفۆرمێکە بۆ دۆزینەوەی بزنس و خزمەتگوزارییەکان بە پێی شار و پۆل.
ئەپەکە ببینە:
https://shakumaku.pages.dev/
بۆ ڕوونکردنەوە ژمارە 2 بنێرە
بۆ ڕاگرتنی نامەکان ژمارە 0 بنێرە"
"+9647271116785","صاحب المشروع","Babil","Business","kurdish","سڵاو 🌟
شکو ماکو پلاتفۆرمێکە بۆ دۆزینەوەی بزنس و خزمەتگوزارییەکان بە پێی شار و پۆل.
ئەپەکە ببینە:
https://shakumaku.pages.dev/
بۆ ڕوونکردنەوە ژمارە 2 بنێرە
بۆ ڕاگرتنی نامەکان ژمارە 0 بنێرە"
"+9647526957785","صاحب المشروع","Babil","Business","kurdish","سڵاو 🌟
شکو ماکو پلاتفۆرمێکە بۆ دۆزینەوەی بزنس و خزمەتگوزارییەکان بە پێی شار و پۆل.
ئەپەکە ببینە:
https://shakumaku.pages.dev/
بۆ ڕوونکردنەوە ژمارە 2 بنێرە
بۆ ڕاگرتنی نامەکان ژمارە 0 بنێرە"
"+9647601051185","صاحب المشروع","Babil","Business","kurdish","سڵاو 🌟
شکو ماکو پلاتفۆرمێکە بۆ دۆزینەوەی بزنس و خزمەتگوزارییەکان بە پێی شار و پۆل.
ئەپەکە ببینە:
https://shakumaku.pages.dev/
بۆ ڕوونکردنەوە ژمارە 2 بنێرە
بۆ ڕاگرتنی نامەکان ژمارە 0 بنێرە"
"+9647907085285","صاحب المشروع","Babil","Business","kurdish","سڵاو 🌟
شکو ماکو پلاتفۆرمێکە بۆ دۆزینەوەی بزنس و خزمەتگوزارییەکان بە پێی شار و پۆل.
ئەپەکە ببینە:
https://shakumaku.pages.dev/
بۆ ڕوونکردنەوە ژمارە 2 بنێرە
بۆ ڕاگرتنی نامەکان ژمارە 0 بنێرە"
"+9647849504885","صاحب المشروع","Baghdad","Business","kurdish","سڵاو 🌟
شکو ماکو پلاتفۆرمێکە بۆ دۆزینەوەی بزنس و خزمەتگوزارییەکان بە پێی شار و پۆل.
ئەپەکە ببینە:
https://shakumaku.pages.dev/
بۆ ڕوونکردنەوە ژمارە 2 بنێرە
بۆ ڕاگرتنی نامەکان ژمارە 0 بنێرە"
"+9647214069086","صاحب المشروع","Baghdad","Business","kurdish","سڵاو 🌟
شکو ماکو پلاتفۆرمێکە بۆ دۆزینەوەی بزنس و خزمەتگوزارییەکان بە پێی شار و پۆل.
ئەپەکە ببینە:
https://shakumaku.pages.dev/
بۆ ڕوونکردنەوە ژمارە 2 بنێرە
بۆ ڕاگرتنی نامەکان ژمارە 0 بنێرە"
"+9647051859886","صاحب المشروع","Baghdad","Business","kurdish","سڵاو 🌟
شکو ماکو پلاتفۆرمێکە بۆ دۆزینەوەی بزنس و خزمەتگوزارییەکان بە پێی شار و پۆل.
ئەپەکە ببینە:
https://shakumaku.pages.dev/
بۆ ڕوونکردنەوە ژمارە 2 بنێرە
بۆ ڕاگرتنی نامەکان ژمارە 0 بنێرە"
"+9647691838488","صاحب المشروع","Baghdad","Business","kurdish","سڵاو 🌟
شکو ماکو پلاتفۆرمێکە بۆ دۆزینەوەی بزنس و خزمەتگوزارییەکان بە پێی شار و پۆل.
ئەپەکە ببینە:
https://shakumaku.pages.dev/
بۆ ڕوونکردنەوە ژمارە 2 بنێرە
بۆ ڕاگرتنی نامەکان ژمارە 0 بنێرە"
"+9647752814700","صاحب المشروع","Baghdad","Business","kurdish","سڵاو 🌟
شکو ماکو پلاتفۆرمێکە بۆ دۆزینەوەی بزنس و خزمەتگوزارییەکان بە پێی شار و پۆل.
ئەپەکە ببینە:
https://shakumaku.pages.dev/
بۆ ڕوونکردنەوە ژمارە 2 بنێرە
بۆ ڕاگرتنی نامەکان ژمارە 0 بنێرە"
"+9647691838487","صاحب المشروع","Baghdad","Business","kurdish","سڵاو 🌟
شکو ماکو پلاتفۆرمێکە بۆ دۆزینەوەی بزنس و خزمەتگوزارییەکان بە پێی شار و پۆل.
ئەپەکە ببینە:
https://shakumaku.pages.dev/
بۆ ڕوونکردنەوە ژمارە 2 بنێرە
بۆ ڕاگرتنی نامەکان ژمارە 0 بنێرە"
"+9647147090985","صاحب المشروع","Baghdad","Business","kurdish","سڵاو 🌟
شکو ماکو پلاتفۆرمێکە بۆ دۆزینەوەی بزنس و خزمەتگوزارییەکان بە پێی شار و پۆل.
ئەپەکە ببینە:
https://shakumaku.pages.dev/
بۆ ڕوونکردنەوە ژمارە 2 بنێرە
بۆ ڕاگرتنی نامەکان ژمارە 0 بنێرە"
"+9647731949085","صاحب المشروع","Baghdad","Business","kurdish","سڵاو 🌟
شکو ماکو پلاتفۆرمێکە بۆ دۆزینەوەی بزنس و خزمەتگوزارییەکان بە پێی شار و پۆل.
ئەپەکە ببینە:
https://shakumaku.pages.dev/
بۆ ڕوونکردنەوە ژمارە 2 بنێرە
بۆ ڕاگرتنی نامەکان ژمارە 0 بنێرە"
"+9647294290085","صاحب المشروع","Baghdad","Business","kurdish","سڵاو 🌟
شکو ماکو پلاتفۆرمێکە بۆ دۆزینەوەی بزنس و خزمەتگوزارییەکان بە پێی شار و پۆل.
ئەپەکە ببینە:
https://shakumaku.pages.dev/
بۆ ڕوونکردنەوە ژمارە 2 بنێرە
بۆ ڕاگرتنی نامەکان ژمارە 0 بنێرە"
"+9647830479485","صاحب المشروع","Baghdad","Business","kurdish","سڵاو 🌟
شکو ماکو پلاتفۆرمێکە بۆ دۆزینەوەی بزنس و خزمەتگوزارییەکان بە پێی شار و پۆل.
ئەپەکە ببینە:
https://shakumaku.pages.dev/
بۆ ڕوونکردنەوە ژمارە 2 بنێرە
بۆ ڕاگرتنی نامەکان ژمارە 0 بنێرە"
"+9647384335585","صاحب المشروع","Baghdad","Business","kurdish","سڵاو 🌟
شکو ماکو پلاتفۆرمێکە بۆ دۆزینەوەی بزنس و خزمەتگوزارییەکان بە پێی شار و پۆل.
ئەپەکە ببینە:
https://shakumaku.pages.dev/
بۆ ڕوونکردنەوە ژمارە 2 بنێرە
بۆ ڕاگرتنی نامەکان ژمارە 0 بنێرە"
"+9647054399285","صاحب المشروع","Baghdad","Business","kurdish","سڵاو 🌟
شکو ماکو پلاتفۆرمێکە بۆ دۆزینەوەی بزنس و خزمەتگوزارییەکان بە پێی شار و پۆل.
ئەپەکە ببینە:
https://shakumaku.pages.dev/
بۆ ڕوونکردنەوە ژمارە 2 بنێرە
بۆ ڕاگرتنی نامەکان ژمارە 0 بنێرە"
"+9647437045585","صاحب المشروع","Baghdad","Business","kurdish","سڵاو 🌟
شکو ماکو پلاتفۆرمێکە بۆ دۆزینەوەی بزنس و خزمەتگوزارییەکان بە پێی شار و پۆل.
ئەپەکە ببینە:
https://shakumaku.pages.dev/
بۆ ڕوونکردنەوە ژمارە 2 بنێرە
بۆ ڕاگرتنی نامەکان ژمارە 0 بنێرە"
"+9647380563485","صاحب المشروع","Baghdad","Business","kurdish","سڵاو 🌟
شکو ماکو پلاتفۆرمێکە بۆ دۆزینەوەی بزنس و خزمەتگوزارییەکان بە پێی شار و پۆل.
ئەپەکە ببینە:
https://shakumaku.pages.dev/
بۆ ڕوونکردنەوە ژمارە 2 بنێرە
بۆ ڕاگرتنی نامەکان ژمارە 0 بنێرە"
"+9647061988385","صاحب المشروع","Baghdad","Business","kurdish","سڵاو 🌟
شکو ماکو پلاتفۆرمێکە بۆ دۆزینەوەی بزنس و خزمەتگوزارییەکان بە پێی شار و پۆل.
ئەپەکە ببینە:
https://shakumaku.pages.dev/
بۆ ڕوونکردنەوە ژمارە 2 بنێرە
بۆ ڕاگرتنی نامەکان ژمارە 0 بنێرە"
"+9647044842785","صاحب المشروع","Baghdad","Business","kurdish","سڵاو 🌟
شکو ماکو پلاتفۆرمێکە بۆ دۆزینەوەی بزنس و خزمەتگوزارییەکان بە پێی شار و پۆل.
ئەپەکە ببینە:
https://shakumaku.pages.dev/
بۆ ڕوونکردنەوە ژمارە 2 بنێرە
بۆ ڕاگرتنی نامەکان ژمارە 0 بنێرە"
"+9647097746785","صاحب المشروع","Baghdad","Business","kurdish","سڵاو 🌟
شکو ماکو پلاتفۆرمێکە بۆ دۆزینەوەی بزنس و خزمەتگوزارییەکان بە پێی شار و پۆل.
ئەپەکە ببینە:
https://shakumaku.pages.dev/
بۆ ڕوونکردنەوە ژمارە 2 بنێرە
بۆ ڕاگرتنی نامەکان ژمارە 0 بنێرە"
"+9647530558890","صاحب المشروع","Baghdad","Business","kurdish","سڵاو 🌟
شکو ماکو پلاتفۆرمێکە بۆ دۆزینەوەی بزنس و خزمەتگوزارییەکان بە پێی شار و پۆل.
ئەپەکە ببینە:
https://shakumaku.pages.dev/
بۆ ڕوونکردنەوە ژمارە 2 بنێرە
بۆ ڕاگرتنی نامەکان ژمارە 0 بنێرە"
"+9647752674685","صاحب المشروع","Baghdad","Business","kurdish","سڵاو 🌟
شکو ماکو پلاتفۆرمێکە بۆ دۆزینەوەی بزنس و خزمەتگوزارییەکان بە پێی شار و پۆل.
ئەپەکە ببینە:
https://shakumaku.pages.dev/
بۆ ڕوونکردنەوە ژمارە 2 بنێرە
بۆ ڕاگرتنی نامەکان ژمارە 0 بنێرە"
"+9647847646985","صاحب المشروع","Baghdad","Business","kurdish","سڵاو 🌟
شکو ماکو پلاتفۆرمێکە بۆ دۆزینەوەی بزنس و خزمەتگوزارییەکان بە پێی شار و پۆل.
ئەپەکە ببینە:
https://shakumaku.pages.dev/
بۆ ڕوونکردنەوە ژمارە 2 بنێرە
بۆ ڕاگرتنی نامەکان ژمارە 0 بنێرە"
"+9647796097185","صاحب المشروع","Baghdad","Business","kurdish","سڵاو 🌟
شکو ماکو پلاتفۆرمێکە بۆ دۆزینەوەی بزنس و خزمەتگوزارییەکان بە پێی شار و پۆل.
ئەپەکە ببینە:
https://shakumaku.pages.dev/
بۆ ڕوونکردنەوە ژمارە 2 بنێرە
بۆ ڕاگرتنی نامەکان ژمارە 0 بنێرە"
"+9647977629385","صاحب المشروع","Baghdad","Business","kurdish","سڵاو 🌟
شکو ماکو پلاتفۆرمێکە بۆ دۆزینەوەی بزنس و خزمەتگوزارییەکان بە پێی شار و پۆل.
ئەپەکە ببینە:
https://shakumaku.pages.dev/
بۆ ڕوونکردنەوە ژمارە 2 بنێرە
بۆ ڕاگرتنی نامەکان ژمارە 0 بنێرە"
"+9647438023285","صاحب المشروع","Baghdad","Business","kurdish","سڵاو 🌟
شکو ماکو پلاتفۆرمێکە بۆ دۆزینەوەی بزنس و خزمەتگوزارییەکان بە پێی شار و پۆل.
ئەپەکە ببینە:
https://shakumaku.pages.dev/
بۆ ڕوونکردنەوە ژمارە 2 بنێرە
بۆ ڕاگرتنی نامەکان ژمارە 0 بنێرە"
"+9647847157094","صاحب المشروع","Baghdad","Business","kurdish","سڵاو 🌟
شکو ماکو پلاتفۆرمێکە بۆ دۆزینەوەی بزنس و خزمەتگوزارییەکان بە پێی شار و پۆل.
ئەپەکە ببینە:
https://shakumaku.pages.dev/
بۆ ڕوونکردنەوە ژمارە 2 بنێرە
بۆ ڕاگرتنی نامەکان ژمارە 0 بنێرە"
"+9647164404886","صاحب المشروع","Baghdad","Business","kurdish","سڵاو 🌟
شکو ماکو پلاتفۆرمێکە بۆ دۆزینەوەی بزنس و خزمەتگوزارییەکان بە پێی شار و پۆل.
ئەپەکە ببینە:
https://shakumaku.pages.dev/
بۆ ڕوونکردنەوە ژمارە 2 بنێرە
بۆ ڕاگرتنی نامەکان ژمارە 0 بنێرە"
"+9647006023186","صاحب المشروع","Baghdad","Business","kurdish","سڵاو 🌟
شکو ماکو پلاتفۆرمێکە بۆ دۆزینەوەی بزنس و خزمەتگوزارییەکان بە پێی شار و پۆل.
ئەپەکە ببینە:
https://shakumaku.pages.dev/
بۆ ڕوونکردنەوە ژمارە 2 بنێرە
بۆ ڕاگرتنی نامەکان ژمارە 0 بنێرە"
"+9647928589785","صاحب المشروع","Baghdad","Business","kurdish","سڵاو 🌟
شکو ماکو پلاتفۆرمێکە بۆ دۆزینەوەی بزنس و خزمەتگوزارییەکان بە پێی شار و پۆل.
ئەپەکە ببینە:
https://shakumaku.pages.dev/
بۆ ڕوونکردنەوە ژمارە 2 بنێرە
بۆ ڕاگرتنی نامەکان ژمارە 0 بنێرە"
"+9647444416590","صاحب المشروع","Baghdad","Business","kurdish","سڵاو 🌟
شکو ماکو پلاتفۆرمێکە بۆ دۆزینەوەی بزنس و خزمەتگوزارییەکان بە پێی شار و پۆل.
ئەپەکە ببینە:
https://shakumaku.pages.dev/
بۆ ڕوونکردنەوە ژمارە 2 بنێرە
بۆ ڕاگرتنی نامەکان ژمارە 0 بنێرە"
"+9647796096986","صاحب المشروع","Baghdad","Business","kurdish","سڵاو 🌟
شکو ماکو پلاتفۆرمێکە بۆ دۆزینەوەی بزنس و خزمەتگوزارییەکان بە پێی شار و پۆل.
ئەپەکە ببینە:
https://shakumaku.pages.dev/
بۆ ڕوونکردنەوە ژمارە 2 بنێرە
بۆ ڕاگرتنی نامەکان ژمارە 0 بنێرە"
"+9647451219985","صاحب المشروع","Baghdad","Business","kurdish","سڵاو 🌟
شکو ماکو پلاتفۆرمێکە بۆ دۆزینەوەی بزنس و خزمەتگوزارییەکان بە پێی شار و پۆل.
ئەپەکە ببینە:
https://shakumaku.pages.dev/
بۆ ڕوونکردنەوە ژمارە 2 بنێرە
بۆ ڕاگرتنی نامەکان ژمارە 0 بنێرە"
"+9647047666185","صاحب المشروع","Baghdad","Business","kurdish","سڵاو 🌟
شکو ماکو پلاتفۆرمێکە بۆ دۆزینەوەی بزنس و خزمەتگوزارییەکان بە پێی شار و پۆل.
ئەپەکە ببینە:
https://shakumaku.pages.dev/
بۆ ڕوونکردنەوە ژمارە 2 بنێرە
بۆ ڕاگرتنی نامەکان ژمارە 0 بنێرە"
"+9647128365085","صاحب المشروع","Baghdad","Business","kurdish","سڵاو 🌟
شکو ماکو پلاتفۆرمێکە بۆ دۆزینەوەی بزنس و خزمەتگوزارییەکان بە پێی شار و پۆل.
ئەپەکە ببینە:
https://shakumaku.pages.dev/
بۆ ڕوونکردنەوە ژمارە 2 بنێرە
بۆ ڕاگرتنی نامەکان ژمارە 0 بنێرە"
"+9647530317986","صاحب المشروع","Baghdad","Business","kurdish","سڵاو 🌟
شکو ماکو پلاتفۆرمێکە بۆ دۆزینەوەی بزنس و خزمەتگوزارییەکان بە پێی شار و پۆل.
ئەپەکە ببینە:
https://shakumaku.pages.dev/
بۆ ڕوونکردنەوە ژمارە 2 بنێرە
بۆ ڕاگرتنی نامەکان ژمارە 0 بنێرە"
"+9647025235885","صاحب المشروع","Baghdad","Business","kurdish","سڵاو 🌟
شکو ماکو پلاتفۆرمێکە بۆ دۆزینەوەی بزنس و خزمەتگوزارییەکان بە پێی شار و پۆل.
ئەپەکە ببینە:
https://shakumaku.pages.dev/
بۆ ڕوونکردنەوە ژمارە 2 بنێرە
بۆ ڕاگرتنی نامەکان ژمارە 0 بنێرە"
"+9647083037985","صاحب المشروع","Baghdad","Business","kurdish","سڵاو 🌟
شکو ماکو پلاتفۆرمێکە بۆ دۆزینەوەی بزنس و خزمەتگوزارییەکان بە پێی شار و پۆل.
ئەپەکە ببینە:
https://shakumaku.pages.dev/
بۆ ڕوونکردنەوە ژمارە 2 بنێرە
بۆ ڕاگرتنی نامەکان ژمارە 0 بنێرە"
"+9647174541685","صاحب المشروع","Baghdad","Business","kurdish","سڵاو 🌟
شکو ماکو پلاتفۆرمێکە بۆ دۆزینەوەی بزنس و خزمەتگوزارییەکان بە پێی شار و پۆل.
ئەپەکە ببینە:
https://shakumaku.pages.dev/
بۆ ڕوونکردنەوە ژمارە 2 بنێرە
بۆ ڕاگرتنی نامەکان ژمارە 0 بنێرە"
"+9647164412585","صاحب المشروع","Baghdad","Business","kurdish","سڵاو 🌟
شکو ماکو پلاتفۆرمێکە بۆ دۆزینەوەی بزنس و خزمەتگوزارییەکان بە پێی شار و پۆل.
ئەپەکە ببینە:
https://shakumaku.pages.dev/
بۆ ڕوونکردنەوە ژمارە 2 بنێرە
بۆ ڕاگرتنی نامەکان ژمارە 0 بنێرە"
"+9647088618985","صاحب المشروع","Baghdad","Business","kurdish","سڵاو 🌟
شکو ماکو پلاتفۆرمێکە بۆ دۆزینەوەی بزنس و خزمەتگوزارییەکان بە پێی شار و پۆل.
ئەپەکە ببینە:
https://shakumaku.pages.dev/
بۆ ڕوونکردنەوە ژمارە 2 بنێرە
بۆ ڕاگرتنی نامەکان ژمارە 0 بنێرە"
"+9647871709186","صاحب المشروع","Baghdad","Business","kurdish","سڵاو 🌟
شکو ماکو پلاتفۆرمێکە بۆ دۆزینەوەی بزنس و خزمەتگوزارییەکان بە پێی شار و پۆل.
ئەپەکە ببینە:
https://shakumaku.pages.dev/
بۆ ڕوونکردنەوە ژمارە 2 بنێرە
بۆ ڕاگرتنی نامەکان ژمارە 0 بنێرە"
"+9647752822785","صاحب المشروع","Baghdad","Business","kurdish","سڵاو 🌟
شکو ماکو پلاتفۆرمێکە بۆ دۆزینەوەی بزنس و خزمەتگوزارییەکان بە پێی شار و پۆل.
ئەپەکە ببینە:
https://shakumaku.pages.dev/
بۆ ڕوونکردنەوە ژمارە 2 بنێرە
بۆ ڕاگرتنی نامەکان ژمارە 0 بنێرە"
"+9647279747685","صاحب المشروع","Baghdad","Business","kurdish","سڵاو 🌟
شکو ماکو پلاتفۆرمێکە بۆ دۆزینەوەی بزنس و خزمەتگوزارییەکان بە پێی شار و پۆل.
ئەپەکە ببینە:
https://shakumaku.pages.dev/
بۆ ڕوونکردنەوە ژمارە 2 بنێرە
بۆ ڕاگرتنی نامەکان ژمارە 0 بنێرە"
"+9647923783585","صاحب المشروع","Baghdad","Business","kurdish","سڵاو 🌟
شکو ماکو پلاتفۆرمێکە بۆ دۆزینەوەی بزنس و خزمەتگوزارییەکان بە پێی شار و پۆل.
ئەپەکە ببینە:
https://shakumaku.pages.dev/
بۆ ڕوونکردنەوە ژمارە 2 بنێرە
بۆ ڕاگرتنی نامەکان ژمارە 0 بنێرە"
"+9647089764588","صاحب المشروع","Baghdad","Business","kurdish","سڵاو 🌟
شکو ماکو پلاتفۆرمێکە بۆ دۆزینەوەی بزنس و خزمەتگوزارییەکان بە پێی شار و پۆل.
ئەپەکە ببینە:
https://shakumaku.pages.dev/
بۆ ڕوونکردنەوە ژمارە 2 بنێرە
بۆ ڕاگرتنی نامەکان ژمارە 0 بنێرە"
"+9647786016085","صاحب المشروع","Baghdad","Business","kurdish","سڵاو 🌟
شکو ماکو پلاتفۆرمێکە بۆ دۆزینەوەی بزنس و خزمەتگوزارییەکان بە پێی شار و پۆل.
ئەپەکە ببینە:
https://shakumaku.pages.dev/
بۆ ڕوونکردنەوە ژمارە 2 بنێرە
بۆ ڕاگرتنی نامەکان ژمارە 0 بنێرە"
"+9647098895285","صاحب المشروع","Baghdad","Business","kurdish","سڵاو 🌟
شکو ماکو پلاتفۆرمێکە بۆ دۆزینەوەی بزنس و خزمەتگوزارییەکان بە پێی شار و پۆل.
ئەپەکە ببینە:
https://shakumaku.pages.dev/
بۆ ڕوونکردنەوە ژمارە 2 بنێرە
بۆ ڕاگرتنی نامەکان ژمارە 0 بنێرە"
"+9647617824285","صاحب المشروع","Baghdad","Business","kurdish","سڵاو 🌟
شکو ماکو پلاتفۆرمێکە بۆ دۆزینەوەی بزنس و خزمەتگوزارییەکان بە پێی شار و پۆل.
ئەپەکە ببینە:
https://shakumaku.pages.dev/
بۆ ڕوونکردنەوە ژمارە 2 بنێرە
بۆ ڕاگرتنی نامەکان ژمارە 0 بنێرە"
"+9647880482585","صاحب المشروع","Baghdad","Business","kurdish","سڵاو 🌟
شکو ماکو پلاتفۆرمێکە بۆ دۆزینەوەی بزنس و خزمەتگوزارییەکان بە پێی شار و پۆل.
ئەپەکە ببینە:
https://shakumaku.pages.dev/
بۆ ڕوونکردنەوە ژمارە 2 بنێرە
بۆ ڕاگرتنی نامەکان ژمارە 0 بنێرە"
"+9647241930285","صاحب المشروع","Baghdad","Business","kurdish","سڵاو 🌟
شکو ماکو پلاتفۆرمێکە بۆ دۆزینەوەی بزنس و خزمەتگوزارییەکان بە پێی شار و پۆل.
ئەپەکە ببینە:
https://shakumaku.pages.dev/
بۆ ڕوونکردنەوە ژمارە 2 بنێرە
بۆ ڕاگرتنی نامەکان ژمارە 0 بنێرە"
"+9647146302285","صاحب المشروع","Baghdad","Business","kurdish","سڵاو 🌟
شکو ماکو پلاتفۆرمێکە بۆ دۆزینەوەی بزنس و خزمەتگوزارییەکان بە پێی شار و پۆل.
ئەپەکە ببینە:
https://shakumaku.pages.dev/
بۆ ڕوونکردنەوە ژمارە 2 بنێرە
بۆ ڕاگرتنی نامەکان ژمارە 0 بنێرە"
"+9647022331386","صاحب المشروع","Baghdad","Business","kurdish","سڵاو 🌟
شکو ماکو پلاتفۆرمێکە بۆ دۆزینەوەی بزنس و خزمەتگوزارییەکان بە پێی شار و پۆل.
ئەپەکە ببینە:
https://shakumaku.pages.dev/
بۆ ڕوونکردنەوە ژمارە 2 بنێرە
بۆ ڕاگرتنی نامەکان ژمارە 0 بنێرە"
"+9647505317285","صاحب المشروع","Baghdad","Business","kurdish","سڵاو 🌟
شکو ماکو پلاتفۆرمێکە بۆ دۆزینەوەی بزنس و خزمەتگوزارییەکان بە پێی شار و پۆل.
ئەپەکە ببینە:
https://shakumaku.pages.dev/
بۆ ڕوونکردنەوە ژمارە 2 بنێرە
بۆ ڕاگرتنی نامەکان ژمارە 0 بنێرە"
"+9647472525191","صاحب المشروع","Baghdad","Business","kurdish","سڵاو 🌟
شکو ماکو پلاتفۆرمێکە بۆ دۆزینەوەی بزنس و خزمەتگوزارییەکان بە پێی شار و پۆل.
ئەپەکە ببینە:
https://shakumaku.pages.dev/
بۆ ڕوونکردنەوە ژمارە 2 بنێرە
بۆ ڕاگرتنی نامەکان ژمارە 0 بنێرە"
"+9647128361586","صاحب المشروع","Baghdad","Business","kurdish","سڵاو 🌟
شکو ماکو پلاتفۆرمێکە بۆ دۆزینەوەی بزنس و خزمەتگوزارییەکان بە پێی شار و پۆل.
ئەپەکە ببینە:
https://shakumaku.pages.dev/
بۆ ڕوونکردنەوە ژمارە 2 بنێرە
بۆ ڕاگرتنی نامەکان ژمارە 0 بنێرە"
"+9647173297985","صاحب المشروع","Baghdad","Business","kurdish","سڵاو 🌟
شکو ماکو پلاتفۆرمێکە بۆ دۆزینەوەی بزنس و خزمەتگوزارییەکان بە پێی شار و پۆل.
ئەپەکە ببینە:
https://shakumaku.pages.dev/
بۆ ڕوونکردنەوە ژمارە 2 بنێرە
بۆ ڕاگرتنی نامەکان ژمارە 0 بنێرە"
"+9647691848389","صاحب المشروع","Baghdad","Business","kurdish","سڵاو 🌟
شکو ماکو پلاتفۆرمێکە بۆ دۆزینەوەی بزنس و خزمەتگوزارییەکان بە پێی شار و پۆل.
ئەپەکە ببینە:
https://shakumaku.pages.dev/
بۆ ڕوونکردنەوە ژمارە 2 بنێرە
بۆ ڕاگرتنی نامەکان ژمارە 0 بنێرە"
"+9647037931985","صاحب المشروع","Baghdad","Business","kurdish","سڵاو 🌟
شکو ماکو پلاتفۆرمێکە بۆ دۆزینەوەی بزنس و خزمەتگوزارییەکان بە پێی شار و پۆل.
ئەپەکە ببینە:
https://shakumaku.pages.dev/
بۆ ڕوونکردنەوە ژمارە 2 بنێرە
بۆ ڕاگرتنی نامەکان ژمارە 0 بنێرە"
"+9647869090985","صاحب المشروع","Baghdad","Business","kurdish","سڵاو 🌟
شکو ماکو پلاتفۆرمێکە بۆ دۆزینەوەی بزنس و خزمەتگوزارییەکان بە پێی شار و پۆل.
ئەپەکە ببینە:
https://shakumaku.pages.dev/
بۆ ڕوونکردنەوە ژمارە 2 بنێرە
بۆ ڕاگرتنی نامەکان ژمارە 0 بنێرە"
"+9647244060487","صاحب المشروع","Baghdad","Business","kurdish","سڵاو 🌟
شکو ماکو پلاتفۆرمێکە بۆ دۆزینەوەی بزنس و خزمەتگوزارییەکان بە پێی شار و پۆل.
ئەپەکە ببینە:
https://shakumaku.pages.dev/
بۆ ڕوونکردنەوە ژمارە 2 بنێرە
بۆ ڕاگرتنی نامەکان ژمارە 0 بنێرە"
"+9647089796785","صاحب المشروع","Baghdad","Business","kurdish","سڵاو 🌟
شکو ماکو پلاتفۆرمێکە بۆ دۆزینەوەی بزنس و خزمەتگوزارییەکان بە پێی شار و پۆل.
ئەپەکە ببینە:
https://shakumaku.pages.dev/
بۆ ڕوونکردنەوە ژمارە 2 بنێرە
بۆ ڕاگرتنی نامەکان ژمارە 0 بنێرە"
"+9647700156698","صاحب المشروع","Baghdad","Business","kurdish","سڵاو 🌟
شکو ماکو پلاتفۆرمێکە بۆ دۆزینەوەی بزنس و خزمەتگوزارییەکان بە پێی شار و پۆل.
ئەپەکە ببینە:
https://shakumaku.pages.dev/
بۆ ڕوونکردنەوە ژمارە 2 بنێرە
بۆ ڕاگرتنی نامەکان ژمارە 0 بنێرە"
"+9647067389485","صاحب المشروع","Baghdad","Business","kurdish","سڵاو 🌟
شکو ماکو پلاتفۆرمێکە بۆ دۆزینەوەی بزنس و خزمەتگوزارییەکان بە پێی شار و پۆل.
ئەپەکە ببینە:
https://shakumaku.pages.dev/
بۆ ڕوونکردنەوە ژمارە 2 بنێرە
بۆ ڕاگرتنی نامەکان ژمارە 0 بنێرە"
"+9647564588885","صاحب المشروع","Baghdad","Business","kurdish","سڵاو 🌟
شکو ماکو پلاتفۆرمێکە بۆ دۆزینەوەی بزنس و خزمەتگوزارییەکان بە پێی شار و پۆل.
ئەپەکە ببینە:
https://shakumaku.pages.dev/
بۆ ڕوونکردنەوە ژمارە 2 بنێرە
بۆ ڕاگرتنی نامەکان ژمارە 0 بنێرە"
"+9647084104986","صاحب المشروع","Baghdad","Business","kurdish","سڵاو 🌟
شکو ماکو پلاتفۆرمێکە بۆ دۆزینەوەی بزنس و خزمەتگوزارییەکان بە پێی شار و پۆل.
ئەپەکە ببینە:
https://shakumaku.pages.dev/
بۆ ڕوونکردنەوە ژمارە 2 بنێرە
بۆ ڕاگرتنی نامەکان ژمارە 0 بنێرە"
"+9647872314685","صاحب المشروع","Baghdad","Business","kurdish","سڵاو 🌟
شکو ماکو پلاتفۆرمێکە بۆ دۆزینەوەی بزنس و خزمەتگوزارییەکان بە پێی شار و پۆل.
ئەپەکە ببینە:
https://shakumaku.pages.dev/
بۆ ڕوونکردنەوە ژمارە 2 بنێرە
بۆ ڕاگرتنی نامەکان ژمارە 0 بنێرە"
"+9647061769286","صاحب المشروع","Baghdad","Business","kurdish","سڵاو 🌟
شکو ماکو پلاتفۆرمێکە بۆ دۆزینەوەی بزنس و خزمەتگوزارییەکان بە پێی شار و پۆل.
ئەپەکە ببینە:
https://shakumaku.pages.dev/
بۆ ڕوونکردنەوە ژمارە 2 بنێرە
بۆ ڕاگرتنی نامەکان ژمارە 0 بنێرە"
"+9647061769285","صاحب المشروع","Baghdad","Business","kurdish","سڵاو 🌟
شکو ماکو پلاتفۆرمێکە بۆ دۆزینەوەی بزنس و خزمەتگوزارییەکان بە پێی شار و پۆل.
ئەپەکە ببینە:
https://shakumaku.pages.dev/
بۆ ڕوونکردنەوە ژمارە 2 بنێرە
بۆ ڕاگرتنی نامەکان ژمارە 0 بنێرە"
"+9647026356585","صاحب المشروع","Baghdad","Business","kurdish","سڵاو 🌟
شکو ماکو پلاتفۆرمێکە بۆ دۆزینەوەی بزنس و خزمەتگوزارییەکان بە پێی شار و پۆل.
ئەپەکە ببینە:
https://shakumaku.pages.dev/
بۆ ڕوونکردنەوە ژمارە 2 بنێرە
بۆ ڕاگرتنی نامەکان ژمارە 0 بنێرە"
"+9647933317785","صاحب المشروع","Baghdad","Business","kurdish","سڵاو 🌟
شکو ماکو پلاتفۆرمێکە بۆ دۆزینەوەی بزنس و خزمەتگوزارییەکان بە پێی شار و پۆل.
ئەپەکە ببینە:
https://shakumaku.pages.dev/
بۆ ڕوونکردنەوە ژمارە 2 بنێرە
بۆ ڕاگرتنی نامەکان ژمارە 0 بنێرە"
"+9647291447285","صاحب المشروع","Baghdad","Business","kurdish","سڵاو 🌟
شکو ماکو پلاتفۆرمێکە بۆ دۆزینەوەی بزنس و خزمەتگوزارییەکان بە پێی شار و پۆل.
ئەپەکە ببینە:
https://shakumaku.pages.dev/
بۆ ڕوونکردنەوە ژمارە 2 بنێرە
بۆ ڕاگرتنی نامەکان ژمارە 0 بنێرە"
"+9647097746885","صاحب المشروع","Baghdad","Business","kurdish","سڵاو 🌟
شکو ماکو پلاتفۆرمێکە بۆ دۆزینەوەی بزنس و خزمەتگوزارییەکان بە پێی شار و پۆل.
ئەپەکە ببینە:
https://shakumaku.pages.dev/
بۆ ڕوونکردنەوە ژمارە 2 بنێرە
بۆ ڕاگرتنی نامەکان ژمارە 0 بنێرە"
"+9647861569285","صاحب المشروع","Baghdad","Business","kurdish","سڵاو 🌟
شکو ماکو پلاتفۆرمێکە بۆ دۆزینەوەی بزنس و خزمەتگوزارییەکان بە پێی شار و پۆل.
ئەپەکە ببینە:
https://shakumaku.pages.dev/
بۆ ڕوونکردنەوە ژمارە 2 بنێرە
بۆ ڕاگرتنی نامەکان ژمارە 0 بنێرە"
"+9647947186685","صاحب المشروع","Baghdad","Business","kurdish","سڵاو 🌟
شکو ماکو پلاتفۆرمێکە بۆ دۆزینەوەی بزنس و خزمەتگوزارییەکان بە پێی شار و پۆل.
ئەپەکە ببینە:
https://shakumaku.pages.dev/
بۆ ڕوونکردنەوە ژمارە 2 بنێرە
بۆ ڕاگرتنی نامەکان ژمارە 0 بنێرە"
"+9647044846485","صاحب المشروع","Baghdad","Business","kurdish","سڵاو 🌟
شکو ماکو پلاتفۆرمێکە بۆ دۆزینەوەی بزنس و خزمەتگوزارییەکان بە پێی شار و پۆل.
ئەپەکە ببینە:
https://shakumaku.pages.dev/
بۆ ڕوونکردنەوە ژمارە 2 بنێرە
بۆ ڕاگرتنی نامەکان ژمارە 0 بنێرە"
"+9647104317485","صاحب المشروع","Baghdad","Business","kurdish","سڵاو 🌟
شکو ماکو پلاتفۆرمێکە بۆ دۆزینەوەی بزنس و خزمەتگوزارییەکان بە پێی شار و پۆل.
ئەپەکە ببینە:
https://shakumaku.pages.dev/
بۆ ڕوونکردنەوە ژمارە 2 بنێرە
بۆ ڕاگرتنی نامەکان ژمارە 0 بنێرە"
"+9647047643985","صاحب المشروع","Baghdad","Business","kurdish","سڵاو 🌟
شکو ماکو پلاتفۆرمێکە بۆ دۆزینەوەی بزنس و خزمەتگوزارییەکان بە پێی شار و پۆل.
ئەپەکە ببینە:
https://shakumaku.pages.dev/
بۆ ڕوونکردنەوە ژمارە 2 بنێرە
بۆ ڕاگرتنی نامەکان ژمارە 0 بنێرە"
"+9647734592185","صاحب المشروع","Baghdad","Business","kurdish","سڵاو 🌟
شکو ماکو پلاتفۆرمێکە بۆ دۆزینەوەی بزنس و خزمەتگوزارییەکان بە پێی شار و پۆل.
ئەپەکە ببینە:
https://shakumaku.pages.dev/
بۆ ڕوونکردنەوە ژمارە 2 بنێرە
بۆ ڕاگرتنی نامەکان ژمارە 0 بنێرە"
"+9647068044185","صاحب المشروع","Baghdad","Business","kurdish","سڵاو 🌟
شکو ماکو پلاتفۆرمێکە بۆ دۆزینەوەی بزنس و خزمەتگوزارییەکان بە پێی شار و پۆل.
ئەپەکە ببینە:
https://shakumaku.pages.dev/
بۆ ڕوونکردنەوە ژمارە 2 بنێرە
بۆ ڕاگرتنی نامەکان ژمارە 0 بنێرە"
"+9647965730288","صاحب المشروع","Baghdad","Business","kurdish","سڵاو 🌟
شکو ماکو پلاتفۆرمێکە بۆ دۆزینەوەی بزنس و خزمەتگوزارییەکان بە پێی شار و پۆل.
ئەپەکە ببینە:
https://shakumaku.pages.dev/
بۆ ڕوونکردنەوە ژمارە 2 بنێرە
بۆ ڕاگرتنی نامەکان ژمارە 0 بنێرە"
"+9647727881486","صاحب المشروع","Baghdad","Business","kurdish","سڵاو 🌟
شکو ماکو پلاتفۆرمێکە بۆ دۆزینەوەی بزنس و خزمەتگوزارییەکان بە پێی شار و پۆل.
ئەپەکە ببینە:
https://shakumaku.pages.dev/
بۆ ڕوونکردنەوە ژمارە 2 بنێرە
بۆ ڕاگرتنی نامەکان ژمارە 0 بنێرە"
"+9647068801885","صاحب المشروع","Baghdad","Business","kurdish","سڵاو 🌟
شکو ماکو پلاتفۆرمێکە بۆ دۆزینەوەی بزنس و خزمەتگوزارییەکان بە پێی شار و پۆل.
ئەپەکە ببینە:
https://shakumaku.pages.dev/
بۆ ڕوونکردنەوە ژمارە 2 بنێرە
بۆ ڕاگرتنی نامەکان ژمارە 0 بنێرە"
"+9647025140085","صاحب المشروع","Baghdad","Business","kurdish","سڵاو 🌟
شکو ماکو پلاتفۆرمێکە بۆ دۆزینەوەی بزنس و خزمەتگوزارییەکان بە پێی شار و پۆل.
ئەپەکە ببینە:
https://shakumaku.pages.dev/
بۆ ڕوونکردنەوە ژمارە 2 بنێرە
بۆ ڕاگرتنی نامەکان ژمارە 0 بنێرە"
"+9647090677885","صاحب المشروع","Baghdad","Business","kurdish","سڵاو 🌟
شکو ماکو پلاتفۆرمێکە بۆ دۆزینەوەی بزنس و خزمەتگوزارییەکان بە پێی شار و پۆل.
ئەپەکە ببینە:
https://shakumaku.pages.dev/
بۆ ڕوونکردنەوە ژمارە 2 بنێرە
بۆ ڕاگرتنی نامەکان ژمارە 0 بنێرە"
"+9647834614789","صاحب المشروع","Baghdad","Business","kurdish","سڵاو 🌟
شکو ماکو پلاتفۆرمێکە بۆ دۆزینەوەی بزنس و خزمەتگوزارییەکان بە پێی شار و پۆل.
ئەپەکە ببینە:
https://shakumaku.pages.dev/
بۆ ڕوونکردنەوە ژمارە 2 بنێرە
بۆ ڕاگرتنی نامەکان ژمارە 0 بنێرە"
"+9647887043185","صاحب المشروع","Baghdad","Business","kurdish","سڵاو 🌟
شکو ماکو پلاتفۆرمێکە بۆ دۆزینەوەی بزنس و خزمەتگوزارییەکان بە پێی شار و پۆل.
ئەپەکە ببینە:
https://shakumaku.pages.dev/
بۆ ڕوونکردنەوە ژمارە 2 بنێرە
بۆ ڕاگرتنی نامەکان ژمارە 0 بنێرە"
"+9647890313786","صاحب المشروع","Baghdad","Business","kurdish","سڵاو 🌟
شکو ماکو پلاتفۆرمێکە بۆ دۆزینەوەی بزنس و خزمەتگوزارییەکان بە پێی شار و پۆل.
ئەپەکە ببینە:
https://shakumaku.pages.dev/
بۆ ڕوونکردنەوە ژمارە 2 بنێرە
بۆ ڕاگرتنی نامەکان ژمارە 0 بنێرە"
"+9647470776086","صاحب المشروع","Baghdad","Business","kurdish","سڵاو 🌟
شکو ماکو پلاتفۆرمێکە بۆ دۆزینەوەی بزنس و خزمەتگوزارییەکان بە پێی شار و پۆل.
ئەپەکە ببینە:
https://shakumaku.pages.dev/
بۆ ڕوونکردنەوە ژمارە 2 بنێرە
بۆ ڕاگرتنی نامەکان ژمارە 0 بنێرە"
"+9647089796686","صاحب المشروع","Baghdad","Business","kurdish","سڵاو 🌟
شکو ماکو پلاتفۆرمێکە بۆ دۆزینەوەی بزنس و خزمەتگوزارییەکان بە پێی شار و پۆل.
ئەپەکە ببینە:
https://shakumaku.pages.dev/
بۆ ڕوونکردنەوە ژمارە 2 بنێرە
بۆ ڕاگرتنی نامەکان ژمارە 0 بنێرە"
"+9647796097085","صاحب المشروع","Baghdad","Business","kurdish","سڵاو 🌟
شکو ماکو پلاتفۆرمێکە بۆ دۆزینەوەی بزنس و خزمەتگوزارییەکان بە پێی شار و پۆل.
ئەپەکە ببینە:
https://shakumaku.pages.dev/
بۆ ڕوونکردنەوە ژمارە 2 بنێرە
بۆ ڕاگرتنی نامەکان ژمارە 0 بنێرە"
"+9647875273085","صاحب المشروع","Baghdad","Business","kurdish","سڵاو 🌟
شکو ماکو پلاتفۆرمێکە بۆ دۆزینەوەی بزنس و خزمەتگوزارییەکان بە پێی شار و پۆل.
ئەپەکە ببینە:
https://shakumaku.pages.dev/
بۆ ڕوونکردنەوە ژمارە 2 بنێرە
بۆ ڕاگرتنی نامەکان ژمارە 0 بنێرە"
"+9647101835687","صاحب المشروع","Baghdad","Business","kurdish","سڵاو 🌟
شکو ماکو پلاتفۆرمێکە بۆ دۆزینەوەی بزنس و خزمەتگوزارییەکان بە پێی شار و پۆل.
ئەپەکە ببینە:
https://shakumaku.pages.dev/
بۆ ڕوونکردنەوە ژمارە 2 بنێرە
بۆ ڕاگرتنی نامەکان ژمارە 0 بنێرە"
"+9647983775985","صاحب المشروع","Baghdad","Business","kurdish","سڵاو 🌟
شکو ماکو پلاتفۆرمێکە بۆ دۆزینەوەی بزنس و خزمەتگوزارییەکان بە پێی شار و پۆل.
ئەپەکە ببینە:
https://shakumaku.pages.dev/
بۆ ڕوونکردنەوە ژمارە 2 بنێرە
بۆ ڕاگرتنی نامەکان ژمارە 0 بنێرە"
"+9647083036486","صاحب المشروع","Baghdad","Business","kurdish","سڵاو 🌟
شکو ماکو پلاتفۆرمێکە بۆ دۆزینەوەی بزنس و خزمەتگوزارییەکان بە پێی شار و پۆل.
ئەپەکە ببینە:
https://shakumaku.pages.dev/
بۆ ڕوونکردنەوە ژمارە 2 بنێرە
بۆ ڕاگرتنی نامەکان ژمارە 0 بنێرە"
"+9647294315385","صاحب المشروع","Baghdad","Business","kurdish","سڵاو 🌟
شکو ماکو پلاتفۆرمێکە بۆ دۆزینەوەی بزنس و خزمەتگوزارییەکان بە پێی شار و پۆل.
ئەپەکە ببینە:
https://shakumaku.pages.dev/
بۆ ڕوونکردنەوە ژمارە 2 بنێرە
بۆ ڕاگرتنی نامەکان ژمارە 0 بنێرە"
"+9647171463886","صاحب المشروع","Baghdad","Business","kurdish","سڵاو 🌟
شکو ماکو پلاتفۆرمێکە بۆ دۆزینەوەی بزنس و خزمەتگوزارییەکان بە پێی شار و پۆل.
ئەپەکە ببینە:
https://shakumaku.pages.dev/
بۆ ڕوونکردنەوە ژمارە 2 بنێرە
بۆ ڕاگرتنی نامەکان ژمارە 0 بنێرە"
"+9647512442685","صاحب المشروع","Baghdad","Business","kurdish","سڵاو 🌟
شکو ماکو پلاتفۆرمێکە بۆ دۆزینەوەی بزنس و خزمەتگوزارییەکان بە پێی شار و پۆل.
ئەپەکە ببینە:
https://shakumaku.pages.dev/
بۆ ڕوونکردنەوە ژمارە 2 بنێرە
بۆ ڕاگرتنی نامەکان ژمارە 0 بنێرە"
"+9647514024485","صاحب المشروع","Baghdad","Business","kurdish","سڵاو 🌟
شکو ماکو پلاتفۆرمێکە بۆ دۆزینەوەی بزنس و خزمەتگوزارییەکان بە پێی شار و پۆل.
ئەپەکە ببینە:
https://shakumaku.pages.dev/
بۆ ڕوونکردنەوە ژمارە 2 بنێرە
بۆ ڕاگرتنی نامەکان ژمارە 0 بنێرە"
"+9647133553185","صاحب المشروع","Baghdad","Business","kurdish","سڵاو 🌟
شکو ماکو پلاتفۆرمێکە بۆ دۆزینەوەی بزنس و خزمەتگوزارییەکان بە پێی شار و پۆل.
ئەپەکە ببینە:
https://shakumaku.pages.dev/
بۆ ڕوونکردنەوە ژمارە 2 بنێرە
بۆ ڕاگرتنی نامەکان ژمارە 0 بنێرە"
"+9647164412485","صاحب المشروع","Baghdad","Business","kurdish","سڵاو 🌟
شکو ماکو پلاتفۆرمێکە بۆ دۆزینەوەی بزنس و خزمەتگوزارییەکان بە پێی شار و پۆل.
ئەپەکە ببینە:
https://shakumaku.pages.dev/
بۆ ڕوونکردنەوە ژمارە 2 بنێرە
بۆ ڕاگرتنی نامەکان ژمارە 0 بنێرە"
"+9647507238185","صاحب المشروع","Baghdad","Business","kurdish","سڵاو 🌟
شکو ماکو پلاتفۆرمێکە بۆ دۆزینەوەی بزنس و خزمەتگوزارییەکان بە پێی شار و پۆل.
ئەپەکە ببینە:
https://shakumaku.pages.dev/
بۆ ڕوونکردنەوە ژمارە 2 بنێرە
بۆ ڕاگرتنی نامەکان ژمارە 0 بنێرە"
"+9647511530485","صاحب المشروع","Baghdad","Business","kurdish","سڵاو 🌟
شکو ماکو پلاتفۆرمێکە بۆ دۆزینەوەی بزنس و خزمەتگوزارییەکان بە پێی شار و پۆل.
ئەپەکە ببینە:
https://shakumaku.pages.dev/
بۆ ڕوونکردنەوە ژمارە 2 بنێرە
بۆ ڕاگرتنی نامەکان ژمارە 0 بنێرە"
"+9647511530385","صاحب المشروع","Baghdad","Business","kurdish","سڵاو 🌟
شکو ماکو پلاتفۆرمێکە بۆ دۆزینەوەی بزنس و خزمەتگوزارییەکان بە پێی شار و پۆل.
ئەپەکە ببینە:
https://shakumaku.pages.dev/
بۆ ڕوونکردنەوە ژمارە 2 بنێرە
بۆ ڕاگرتنی نامەکان ژمارە 0 بنێرە"
"+9647511530585","صاحب المشروع","Baghdad","Business","kurdish","سڵاو 🌟
شکو ماکو پلاتفۆرمێکە بۆ دۆزینەوەی بزنس و خزمەتگوزارییەکان بە پێی شار و پۆل.
ئەپەکە ببینە:
https://shakumaku.pages.dev/
بۆ ڕوونکردنەوە ژمارە 2 بنێرە
بۆ ڕاگرتنی نامەکان ژمارە 0 بنێرە"
"+9647817308687","صاحب المشروع","Baghdad","Business","kurdish","سڵاو 🌟
شکو ماکو پلاتفۆرمێکە بۆ دۆزینەوەی بزنس و خزمەتگوزارییەکان بە پێی شار و پۆل.
ئەپەکە ببینە:
https://shakumaku.pages.dev/
بۆ ڕوونکردنەوە ژمارە 2 بنێرە
بۆ ڕاگرتنی نامەکان ژمارە 0 بنێرە"
"+9647996384585","صاحب المشروع","Baghdad","Business","kurdish","سڵاو 🌟
شکو ماکو پلاتفۆرمێکە بۆ دۆزینەوەی بزنس و خزمەتگوزارییەکان بە پێی شار و پۆل.
ئەپەکە ببینە:
https://shakumaku.pages.dev/
بۆ ڕوونکردنەوە ژمارە 2 بنێرە
بۆ ڕاگرتنی نامەکان ژمارە 0 بنێرە"
"+9647801331785","صاحب المشروع","Baghdad","Business","kurdish","سڵاو 🌟
شکو ماکو پلاتفۆرمێکە بۆ دۆزینەوەی بزنس و خزمەتگوزارییەکان بە پێی شار و پۆل.
ئەپەکە ببینە:
https://shakumaku.pages.dev/
بۆ ڕوونکردنەوە ژمارە 2 بنێرە
بۆ ڕاگرتنی نامەکان ژمارە 0 بنێرە"
"+9647293188186","صاحب المشروع","Baghdad","Business","kurdish","سڵاو 🌟
شکو ماکو پلاتفۆرمێکە بۆ دۆزینەوەی بزنس و خزمەتگوزارییەکان بە پێی شار و پۆل.
ئەپەکە ببینە:
https://shakumaku.pages.dev/
بۆ ڕوونکردنەوە ژمارە 2 بنێرە
بۆ ڕاگرتنی نامەکان ژمارە 0 بنێرە"
"+9647108239385","صاحب المشروع","Baghdad","Business","kurdish","سڵاو 🌟
شکو ماکو پلاتفۆرمێکە بۆ دۆزینەوەی بزنس و خزمەتگوزارییەکان بە پێی شار و پۆل.
ئەپەکە ببینە:
https://shakumaku.pages.dev/
بۆ ڕوونکردنەوە ژمارە 2 بنێرە
بۆ ڕاگرتنی نامەکان ژمارە 0 بنێرە"
"+9647977842087","صاحب المشروع","Baghdad","Business","kurdish","سڵاو 🌟
شکو ماکو پلاتفۆرمێکە بۆ دۆزینەوەی بزنس و خزمەتگوزارییەکان بە پێی شار و پۆل.
ئەپەکە ببینە:
https://shakumaku.pages.dev/
بۆ ڕوونکردنەوە ژمارە 2 بنێرە
بۆ ڕاگرتنی نامەکان ژمارە 0 بنێرە"
"+9647007976513","صاحب المشروع","Baghdad","Business","kurdish","سڵاو 🌟
شکو ماکو پلاتفۆرمێکە بۆ دۆزینەوەی بزنس و خزمەتگوزارییەکان بە پێی شار و پۆل.
ئەپەکە ببینە:
https://shakumaku.pages.dev/
بۆ ڕوونکردنەوە ژمارە 2 بنێرە
بۆ ڕاگرتنی نامەکان ژمارە 0 بنێرە"
"+9647888963585","صاحب المشروع","Baghdad","Business","kurdish","سڵاو 🌟
شکو ماکو پلاتفۆرمێکە بۆ دۆزینەوەی بزنس و خزمەتگوزارییەکان بە پێی شار و پۆل.
ئەپەکە ببینە:
https://shakumaku.pages.dev/
بۆ ڕوونکردنەوە ژمارە 2 بنێرە
بۆ ڕاگرتنی نامەکان ژمارە 0 بنێرە"
"+9647807635385","صاحب المشروع","Baghdad","Business","kurdish","سڵاو 🌟
شکو ماکو پلاتفۆرمێکە بۆ دۆزینەوەی بزنس و خزمەتگوزارییەکان بە پێی شار و پۆل.
ئەپەکە ببینە:
https://shakumaku.pages.dev/
بۆ ڕوونکردنەوە ژمارە 2 بنێرە
بۆ ڕاگرتنی نامەکان ژمارە 0 بنێرە"
"+9647005878885","صاحب المشروع","Baghdad","Business","kurdish","سڵاو 🌟
شکو ماکو پلاتفۆرمێکە بۆ دۆزینەوەی بزنس و خزمەتگوزارییەکان بە پێی شار و پۆل.
ئەپەکە ببینە:
https://shakumaku.pages.dev/
بۆ ڕوونکردنەوە ژمارە 2 بنێرە
بۆ ڕاگرتنی نامەکان ژمارە 0 بنێرە"
"+9647503705886","صاحب المشروع","Baghdad","Business","kurdish","سڵاو 🌟
شکو ماکو پلاتفۆرمێکە بۆ دۆزینەوەی بزنس و خزمەتگوزارییەکان بە پێی شار و پۆل.
ئەپەکە ببینە:
https://shakumaku.pages.dev/
بۆ ڕوونکردنەوە ژمارە 2 بنێرە
بۆ ڕاگرتنی نامەکان ژمارە 0 بنێرە"
"+9647023752385","صاحب المشروع","Baghdad","Business","kurdish","سڵاو 🌟
شکو ماکو پلاتفۆرمێکە بۆ دۆزینەوەی بزنس و خزمەتگوزارییەکان بە پێی شار و پۆل.
ئەپەکە ببینە:
https://shakumaku.pages.dev/
بۆ ڕوونکردنەوە ژمارە 2 بنێرە
بۆ ڕاگرتنی نامەکان ژمارە 0 بنێرە"
"+9647800149085","صاحب المشروع","Baghdad","Business","kurdish","سڵاو 🌟
شکو ماکو پلاتفۆرمێکە بۆ دۆزینەوەی بزنس و خزمەتگوزارییەکان بە پێی شار و پۆل.
ئەپەکە ببینە:
https://shakumaku.pages.dev/
بۆ ڕوونکردنەوە ژمارە 2 بنێرە
بۆ ڕاگرتنی نامەکان ژمارە 0 بنێرە"
"+9647195342190","صاحب المشروع","Baghdad","Business","kurdish","سڵاو 🌟
شکو ماکو پلاتفۆرمێکە بۆ دۆزینەوەی بزنس و خزمەتگوزارییەکان بە پێی شار و پۆل.
ئەپەکە ببینە:
https://shakumaku.pages.dev/
بۆ ڕوونکردنەوە ژمارە 2 بنێرە
بۆ ڕاگرتنی نامەکان ژمارە 0 بنێرە"
"+9647512477761","صاحب المشروع","Baghdad","Business","kurdish","سڵاو 🌟
شکو ماکو پلاتفۆرمێکە بۆ دۆزینەوەی بزنس و خزمەتگوزارییەکان بە پێی شار و پۆل.
ئەپەکە ببینە:
https://shakumaku.pages.dev/
بۆ ڕوونکردنەوە ژمارە 2 بنێرە
بۆ ڕاگرتنی نامەکان ژمارە 0 بنێرە"
"+9647528905987","صاحب المشروع","Baghdad","Business","kurdish","سڵاو 🌟
شکو ماکو پلاتفۆرمێکە بۆ دۆزینەوەی بزنس و خزمەتگوزارییەکان بە پێی شار و پۆل.
ئەپەکە ببینە:
https://shakumaku.pages.dev/
بۆ ڕوونکردنەوە ژمارە 2 بنێرە
بۆ ڕاگرتنی نامەکان ژمارە 0 بنێرە"
"+9647161099294","صاحب المشروع","Baghdad","Business","kurdish","سڵاو 🌟
شکو ماکو پلاتفۆرمێکە بۆ دۆزینەوەی بزنس و خزمەتگوزارییەکان بە پێی شار و پۆل.
ئەپەکە ببینە:
https://shakumaku.pages.dev/
بۆ ڕوونکردنەوە ژمارە 2 بنێرە
بۆ ڕاگرتنی نامەکان ژمارە 0 بنێرە"
"+9647241564885","صاحب المشروع","Baghdad","Business","kurdish","سڵاو 🌟
شکو ماکو پلاتفۆرمێکە بۆ دۆزینەوەی بزنس و خزمەتگوزارییەکان بە پێی شار و پۆل.
ئەپەکە ببینە:
https://shakumaku.pages.dev/
بۆ ڕوونکردنەوە ژمارە 2 بنێرە
بۆ ڕاگرتنی نامەکان ژمارە 0 بنێرە"
"+9647161100686","صاحب المشروع","Baghdad","Business","kurdish","سڵاو 🌟
شکو ماکو پلاتفۆرمێکە بۆ دۆزینەوەی بزنس و خزمەتگوزارییەکان بە پێی شار و پۆل.
ئەپەکە ببینە:
https://shakumaku.pages.dev/
بۆ ڕوونکردنەوە ژمارە 2 بنێرە
بۆ ڕاگرتنی نامەکان ژمارە 0 بنێرە"
"+9647086866586","صاحب المشروع","Baghdad","Business","kurdish","سڵاو 🌟
شکو ماکو پلاتفۆرمێکە بۆ دۆزینەوەی بزنس و خزمەتگوزارییەکان بە پێی شار و پۆل.
ئەپەکە ببینە:
https://shakumaku.pages.dev/
بۆ ڕوونکردنەوە ژمارە 2 بنێرە
بۆ ڕاگرتنی نامەکان ژمارە 0 بنێرە"
"+9647242065585","صاحب المشروع","Baghdad","Business","kurdish","سڵاو 🌟
شکو ماکو پلاتفۆرمێکە بۆ دۆزینەوەی بزنس و خزمەتگوزارییەکان بە پێی شار و پۆل.
ئەپەکە ببینە:
https://shakumaku.pages.dev/
بۆ ڕوونکردنەوە ژمارە 2 بنێرە
بۆ ڕاگرتنی نامەکان ژمارە 0 بنێرە"
"+9647273662485","صاحب المشروع","Baghdad","Business","kurdish","سڵاو 🌟
شکو ماکو پلاتفۆرمێکە بۆ دۆزینەوەی بزنس و خزمەتگوزارییەکان بە پێی شار و پۆل.
ئەپەکە ببینە:
https://shakumaku.pages.dev/
بۆ ڕوونکردنەوە ژمارە 2 بنێرە
بۆ ڕاگرتنی نامەکان ژمارە 0 بنێرە"
"+9647088559085","صاحب المشروع","Baghdad","Business","kurdish","سڵاو 🌟
شکو ماکو پلاتفۆرمێکە بۆ دۆزینەوەی بزنس و خزمەتگوزارییەکان بە پێی شار و پۆل.
ئەپەکە ببینە:
https://shakumaku.pages.dev/
بۆ ڕوونکردنەوە ژمارە 2 بنێرە
بۆ ڕاگرتنی نامەکان ژمارە 0 بنێرە"
"+9647025117485","صاحب المشروع","Baghdad","Business","kurdish","سڵاو 🌟
شکو ماکو پلاتفۆرمێکە بۆ دۆزینەوەی بزنس و خزمەتگوزارییەکان بە پێی شار و پۆل.
ئەپەکە ببینە:
https://shakumaku.pages.dev/
بۆ ڕوونکردنەوە ژمارە 2 بنێرە
بۆ ڕاگرتنی نامەکان ژمارە 0 بنێرە"
"+9647161872585","صاحب المشروع","Baghdad","Business","kurdish","سڵاو 🌟
شکو ماکو پلاتفۆرمێکە بۆ دۆزینەوەی بزنس و خزمەتگوزارییەکان بە پێی شار و پۆل.
ئەپەکە ببینە:
https://shakumaku.pages.dev/
بۆ ڕوونکردنەوە ژمارە 2 بنێرە
بۆ ڕاگرتنی نامەکان ژمارە 0 بنێرە"
"+9647103574085","صاحب المشروع","Baghdad","Business","kurdish","سڵاو 🌟
شکو ماکو پلاتفۆرمێکە بۆ دۆزینەوەی بزنس و خزمەتگوزارییەکان بە پێی شار و پۆل.
ئەپەکە ببینە:
https://shakumaku.pages.dev/
بۆ ڕوونکردنەوە ژمارە 2 بنێرە
بۆ ڕاگرتنی نامەکان ژمارە 0 بنێرە"
"+9647252646085","صاحب المشروع","Baghdad","Business","kurdish","سڵاو 🌟
شکو ماکو پلاتفۆرمێکە بۆ دۆزینەوەی بزنس و خزمەتگوزارییەکان بە پێی شار و پۆل.
ئەپەکە ببینە:
https://shakumaku.pages.dev/
بۆ ڕوونکردنەوە ژمارە 2 بنێرە
بۆ ڕاگرتنی نامەکان ژمارە 0 بنێرە"
"+9647877450685","صاحب المشروع","Baghdad","Business","kurdish","سڵاو 🌟
شکو ماکو پلاتفۆرمێکە بۆ دۆزینەوەی بزنس و خزمەتگوزارییەکان بە پێی شار و پۆل.
ئەپەکە ببینە:
https://shakumaku.pages.dev/
بۆ ڕوونکردنەوە ژمارە 2 بنێرە
بۆ ڕاگرتنی نامەکان ژمارە 0 بنێرە"
"+9647887019485","صاحب المشروع","Baghdad","Business","kurdish","سڵاو 🌟
شکو ماکو پلاتفۆرمێکە بۆ دۆزینەوەی بزنس و خزمەتگوزارییەکان بە پێی شار و پۆل.
ئەپەکە ببینە:
https://shakumaku.pages.dev/
بۆ ڕوونکردنەوە ژمارە 2 بنێرە
بۆ ڕاگرتنی نامەکان ژمارە 0 بنێرە"
"+9647691838491","صاحب المشروع","Baghdad","Business","kurdish","سڵاو 🌟
شکو ماکو پلاتفۆرمێکە بۆ دۆزینەوەی بزنس و خزمەتگوزارییەکان بە پێی شار و پۆل.
ئەپەکە ببینە:
https://shakumaku.pages.dev/
بۆ ڕوونکردنەوە ژمارە 2 بنێرە
بۆ ڕاگرتنی نامەکان ژمارە 0 بنێرە"
"+9647500442285","صاحب المشروع","Baghdad","Business","kurdish","سڵاو 🌟
شکو ماکو پلاتفۆرمێکە بۆ دۆزینەوەی بزنس و خزمەتگوزارییەکان بە پێی شار و پۆل.
ئەپەکە ببینە:
https://shakumaku.pages.dev/
بۆ ڕوونکردنەوە ژمارە 2 بنێرە
بۆ ڕاگرتنی نامەکان ژمارە 0 بنێرە"
"+9647500442286","صاحب المشروع","Baghdad","Business","kurdish","سڵاو 🌟
شکو ماکو پلاتفۆرمێکە بۆ دۆزینەوەی بزنس و خزمەتگوزارییەکان بە پێی شار و پۆل.
ئەپەکە ببینە:
https://shakumaku.pages.dev/
بۆ ڕوونکردنەوە ژمارە 2 بنێرە
بۆ ڕاگرتنی نامەکان ژمارە 0 بنێرە"
"+9647096264885","صاحب المشروع","Baghdad","Business","kurdish","سڵاو 🌟
شکو ماکو پلاتفۆرمێکە بۆ دۆزینەوەی بزنس و خزمەتگوزارییەکان بە پێی شار و پۆل.
ئەپەکە ببینە:
https://shakumaku.pages.dev/
بۆ ڕوونکردنەوە ژمارە 2 بنێرە
بۆ ڕاگرتنی نامەکان ژمارە 0 بنێرە"
"+9647942813822","صاحب المشروع","Baghdad","Business","kurdish","سڵاو 🌟
شکو ماکو پلاتفۆرمێکە بۆ دۆزینەوەی بزنس و خزمەتگوزارییەکان بە پێی شار و پۆل.
ئەپەکە ببینە:
https://shakumaku.pages.dev/
بۆ ڕوونکردنەوە ژمارە 2 بنێرە
بۆ ڕاگرتنی نامەکان ژمارە 0 بنێرە"
"+9647025117487","صاحب المشروع","Baghdad","Business","kurdish","سڵاو 🌟
شکو ماکو پلاتفۆرمێکە بۆ دۆزینەوەی بزنس و خزمەتگوزارییەکان بە پێی شار و پۆل.
ئەپەکە ببینە:
https://shakumaku.pages.dev/
بۆ ڕوونکردنەوە ژمارە 2 بنێرە
بۆ ڕاگرتنی نامەکان ژمارە 0 بنێرە"
"+9647280449385","صاحب المشروع","Baghdad","Business","kurdish","سڵاو 🌟
شکو ماکو پلاتفۆرمێکە بۆ دۆزینەوەی بزنس و خزمەتگوزارییەکان بە پێی شار و پۆل.
ئەپەکە ببینە:
https://shakumaku.pages.dev/
بۆ ڕوونکردنەوە ژمارە 2 بنێرە
بۆ ڕاگرتنی نامەکان ژمارە 0 بنێرە"
"+9647911116007","صاحب المشروع","Baghdad","Business","kurdish","سڵاو 🌟
شکو ماکو پلاتفۆرمێکە بۆ دۆزینەوەی بزنس و خزمەتگوزارییەکان بە پێی شار و پۆل.
ئەپەکە ببینە:
https://shakumaku.pages.dev/
بۆ ڕوونکردنەوە ژمارە 2 بنێرە
بۆ ڕاگرتنی نامەکان ژمارە 0 بنێرە"
"+9647883711585","صاحب المشروع","Baghdad","Business","kurdish","سڵاو 🌟
شکو ماکو پلاتفۆرمێکە بۆ دۆزینەوەی بزنس و خزمەتگوزارییەکان بە پێی شار و پۆل.
ئەپەکە ببینە:
https://shakumaku.pages.dev/
بۆ ڕوونکردنەوە ژمارە 2 بنێرە
بۆ ڕاگرتنی نامەکان ژمارە 0 بنێرە"
"+9647041280188","صاحب المشروع","Baghdad","Business","kurdish","سڵاو 🌟
شکو ماکو پلاتفۆرمێکە بۆ دۆزینەوەی بزنس و خزمەتگوزارییەکان بە پێی شار و پۆل.
ئەپەکە ببینە:
https://shakumaku.pages.dev/
بۆ ڕوونکردنەوە ژمارە 2 بنێرە
بۆ ڕاگرتنی نامەکان ژمارە 0 بنێرە"
"+9647809641886","صاحب المشروع","Baghdad","Business","kurdish","سڵاو 🌟
شکو ماکو پلاتفۆرمێکە بۆ دۆزینەوەی بزنس و خزمەتگوزارییەکان بە پێی شار و پۆل.
ئەپەکە ببینە:
https://shakumaku.pages.dev/
بۆ ڕوونکردنەوە ژمارە 2 بنێرە
بۆ ڕاگرتنی نامەکان ژمارە 0 بنێرە"
"+9647967630309","صاحب المشروع","Baghdad","Business","kurdish","سڵاو 🌟
شکو ماکو پلاتفۆرمێکە بۆ دۆزینەوەی بزنس و خزمەتگوزارییەکان بە پێی شار و پۆل.
ئەپەکە ببینە:
https://shakumaku.pages.dev/
بۆ ڕوونکردنەوە ژمارە 2 بنێرە
بۆ ڕاگرتنی نامەکان ژمارە 0 بنێرە"
"+9647208090085","صاحب المشروع","Baghdad","Business","kurdish","سڵاو 🌟
شکو ماکو پلاتفۆرمێکە بۆ دۆزینەوەی بزنس و خزمەتگوزارییەکان بە پێی شار و پۆل.
ئەپەکە ببینە:
https://shakumaku.pages.dev/
بۆ ڕوونکردنەوە ژمارە 2 بنێرە
بۆ ڕاگرتنی نامەکان ژمارە 0 بنێرە"
"+9647814546385","صاحب المشروع","Baghdad","Business","kurdish","سڵاو 🌟
شکو ماکو پلاتفۆرمێکە بۆ دۆزینەوەی بزنس و خزمەتگوزارییەکان بە پێی شار و پۆل.
ئەپەکە ببینە:
https://shakumaku.pages.dev/
بۆ ڕوونکردنەوە ژمارە 2 بنێرە
بۆ ڕاگرتنی نامەکان ژمارە 0 بنێرە"
"+9647088516888","صاحب المشروع","Baghdad","Business","kurdish","سڵاو 🌟
شکو ماکو پلاتفۆرمێکە بۆ دۆزینەوەی بزنس و خزمەتگوزارییەکان بە پێی شار و پۆل.
ئەپەکە ببینە:
https://shakumaku.pages.dev/
بۆ ڕوونکردنەوە ژمارە 2 بنێرە
بۆ ڕاگرتنی نامەکان ژمارە 0 بنێرە"
"+9647193151985","صاحب المشروع","Baghdad","Business","kurdish","سڵاو 🌟
شکو ماکو پلاتفۆرمێکە بۆ دۆزینەوەی بزنس و خزمەتگوزارییەکان بە پێی شار و پۆل.
ئەپەکە ببینە:
https://shakumaku.pages.dev/
بۆ ڕوونکردنەوە ژمارە 2 بنێرە
بۆ ڕاگرتنی نامەکان ژمارە 0 بنێرە"
"+9647023739785","صاحب المشروع","Baghdad","Business","kurdish","سڵاو 🌟
شکو ماکو پلاتفۆرمێکە بۆ دۆزینەوەی بزنس و خزمەتگوزارییەکان بە پێی شار و پۆل.
ئەپەکە ببینە:
https://shakumaku.pages.dev/
بۆ ڕوونکردنەوە ژمارە 2 بنێرە
بۆ ڕاگرتنی نامەکان ژمارە 0 بنێرە"
"+9647860037385","صاحب المشروع","Baghdad","Business","kurdish","سڵاو 🌟
شکو ماکو پلاتفۆرمێکە بۆ دۆزینەوەی بزنس و خزمەتگوزارییەکان بە پێی شار و پۆل.
ئەپەکە ببینە:
https://shakumaku.pages.dev/
بۆ ڕوونکردنەوە ژمارە 2 بنێرە
بۆ ڕاگرتنی نامەکان ژمارە 0 بنێرە"
"+9647829192544","صاحب المشروع","Baghdad","Business","kurdish","سڵاو 🌟
شکو ماکو پلاتفۆرمێکە بۆ دۆزینەوەی بزنس و خزمەتگوزارییەکان بە پێی شار و پۆل.
ئەپەکە ببینە:
https://shakumaku.pages.dev/
بۆ ڕوونکردنەوە ژمارە 2 بنێرە
بۆ ڕاگرتنی نامەکان ژمارە 0 بنێرە"
"+9647921408185","صاحب المشروع","Baghdad","Business","kurdish","سڵاو 🌟
شکو ماکو پلاتفۆرمێکە بۆ دۆزینەوەی بزنس و خزمەتگوزارییەکان بە پێی شار و پۆل.
ئەپەکە ببینە:
https://shakumaku.pages.dev/
بۆ ڕوونکردنەوە ژمارە 2 بنێرە
بۆ ڕاگرتنی نامەکان ژمارە 0 بنێرە"
"+9647745047086","صاحب المشروع","Baghdad","Business","kurdish","سڵاو 🌟
شکو ماکو پلاتفۆرمێکە بۆ دۆزینەوەی بزنس و خزمەتگوزارییەکان بە پێی شار و پۆل.
ئەپەکە ببینە:
https://shakumaku.pages.dev/
بۆ ڕوونکردنەوە ژمارە 2 بنێرە
بۆ ڕاگرتنی نامەکان ژمارە 0 بنێرە"
"+9647772647985","صاحب المشروع","Baghdad","Business","kurdish","سڵاو 🌟
شکو ماکو پلاتفۆرمێکە بۆ دۆزینەوەی بزنس و خزمەتگوزارییەکان بە پێی شار و پۆل.
ئەپەکە ببینە:
https://shakumaku.pages.dev/
بۆ ڕوونکردنەوە ژمارە 2 بنێرە
بۆ ڕاگرتنی نامەکان ژمارە 0 بنێرە"
"+9647056811785","صاحب المشروع","Baghdad","Business","kurdish","سڵاو 🌟
شکو ماکو پلاتفۆرمێکە بۆ دۆزینەوەی بزنس و خزمەتگوزارییەکان بە پێی شار و پۆل.
ئەپەکە ببینە:
https://shakumaku.pages.dev/
بۆ ڕوونکردنەوە ژمارە 2 بنێرە
بۆ ڕاگرتنی نامەکان ژمارە 0 بنێرە"
"+9647485625386","صاحب المشروع","Baghdad","Business","kurdish","سڵاو 🌟
شکو ماکو پلاتفۆرمێکە بۆ دۆزینەوەی بزنس و خزمەتگوزارییەکان بە پێی شار و پۆل.
ئەپەکە ببینە:
https://shakumaku.pages.dev/
بۆ ڕوونکردنەوە ژمارە 2 بنێرە
بۆ ڕاگرتنی نامەکان ژمارە 0 بنێرە"
"+9647988073985","صاحب المشروع","Baghdad","Business","kurdish","سڵاو 🌟
شکو ماکو پلاتفۆرمێکە بۆ دۆزینەوەی بزنس و خزمەتگوزارییەکان بە پێی شار و پۆل.
ئەپەکە ببینە:
https://shakumaku.pages.dev/
بۆ ڕوونکردنەوە ژمارە 2 بنێرە
بۆ ڕاگرتنی نامەکان ژمارە 0 بنێرە"
"+9647625925085","صاحب المشروع","Baghdad","Business","kurdish","سڵاو 🌟
شکو ماکو پلاتفۆرمێکە بۆ دۆزینەوەی بزنس و خزمەتگوزارییەکان بە پێی شار و پۆل.
ئەپەکە ببینە:
https://shakumaku.pages.dev/
بۆ ڕوونکردنەوە ژمارە 2 بنێرە
بۆ ڕاگرتنی نامەکان ژمارە 0 بنێرە"
"+9647924554685","صاحب المشروع","Baghdad","Business","kurdish","سڵاو 🌟
شکو ماکو پلاتفۆرمێکە بۆ دۆزینەوەی بزنس و خزمەتگوزارییەکان بە پێی شار و پۆل.
ئەپەکە ببینە:
https://shakumaku.pages.dev/
بۆ ڕوونکردنەوە ژمارە 2 بنێرە
بۆ ڕاگرتنی نامەکان ژمارە 0 بنێرە"
"+9647725295137","صاحب المشروع","Baghdad","Business","kurdish","سڵاو 🌟
شکو ماکو پلاتفۆرمێکە بۆ دۆزینەوەی بزنس و خزمەتگوزارییەکان بە پێی شار و پۆل.
ئەپەکە ببینە:
https://shakumaku.pages.dev/
بۆ ڕوونکردنەوە ژمارە 2 بنێرە
بۆ ڕاگرتنی نامەکان ژمارە 0 بنێرە"
"+9647289319785","صاحب المشروع","Baghdad","Business","kurdish","سڵاو 🌟
شکو ماکو پلاتفۆرمێکە بۆ دۆزینەوەی بزنس و خزمەتگوزارییەکان بە پێی شار و پۆل.
ئەپەکە ببینە:
https://shakumaku.pages.dev/
بۆ ڕوونکردنەوە ژمارە 2 بنێرە
بۆ ڕاگرتنی نامەکان ژمارە 0 بنێرە"
"+9647171805886","صاحب المشروع","Baghdad","Business","kurdish","سڵاو 🌟
شکو ماکو پلاتفۆرمێکە بۆ دۆزینەوەی بزنس و خزمەتگوزارییەکان بە پێی شار و پۆل.
ئەپەکە ببینە:
https://shakumaku.pages.dev/
بۆ ڕوونکردنەوە ژمارە 2 بنێرە
بۆ ڕاگرتنی نامەکان ژمارە 0 بنێرە"
"+9647608424685","صاحب المشروع","Baghdad","Business","kurdish","سڵاو 🌟
شکو ماکو پلاتفۆرمێکە بۆ دۆزینەوەی بزنس و خزمەتگوزارییەکان بە پێی شار و پۆل.
ئەپەکە ببینە:
https://shakumaku.pages.dev/
بۆ ڕوونکردنەوە ژمارە 2 بنێرە
بۆ ڕاگرتنی نامەکان ژمارە 0 بنێرە"
"+9647617804589","صاحب المشروع","Baghdad","Business","kurdish","سڵاو 🌟
شکو ماکو پلاتفۆرمێکە بۆ دۆزینەوەی بزنس و خزمەتگوزارییەکان بە پێی شار و پۆل.
ئەپەکە ببینە:
https://shakumaku.pages.dev/
بۆ ڕوونکردنەوە ژمارە 2 بنێرە
بۆ ڕاگرتنی نامەکان ژمارە 0 بنێرە"
"+9647487018314","صاحب المشروع","Baghdad","Business","kurdish","سڵاو 🌟
شکو ماکو پلاتفۆرمێکە بۆ دۆزینەوەی بزنس و خزمەتگوزارییەکان بە پێی شار و پۆل.
ئەپەکە ببینە:
https://shakumaku.pages.dev/
بۆ ڕوونکردنەوە ژمارە 2 بنێرە
بۆ ڕاگرتنی نامەکان ژمارە 0 بنێرە"
"+9647341018085","صاحب المشروع","Baghdad","Business","kurdish","سڵاو 🌟
شکو ماکو پلاتفۆرمێکە بۆ دۆزینەوەی بزنس و خزمەتگوزارییەکان بە پێی شار و پۆل.
ئەپەکە ببینە:
https://shakumaku.pages.dev/
بۆ ڕوونکردنەوە ژمارە 2 بنێرە
بۆ ڕاگرتنی نامەکان ژمارە 0 بنێرە"
"+9647777287185","صاحب المشروع","Baghdad","Business","kurdish","سڵاو 🌟
شکو ماکو پلاتفۆرمێکە بۆ دۆزینەوەی بزنس و خزمەتگوزارییەکان بە پێی شار و پۆل.
ئەپەکە ببینە:
https://shakumaku.pages.dev/
بۆ ڕوونکردنەوە ژمارە 2 بنێرە
بۆ ڕاگرتنی نامەکان ژمارە 0 بنێرە"
"+9647609911567","صاحب المشروع","Baghdad","Business","kurdish","سڵاو 🌟
شکو ماکو پلاتفۆرمێکە بۆ دۆزینەوەی بزنس و خزمەتگوزارییەکان بە پێی شار و پۆل.
ئەپەکە ببینە:
https://shakumaku.pages.dev/
بۆ ڕوونکردنەوە ژمارە 2 بنێرە
بۆ ڕاگرتنی نامەکان ژمارە 0 بنێرە"
"+9647882298086","صاحب المشروع","Baghdad","Business","kurdish","سڵاو 🌟
شکو ماکو پلاتفۆرمێکە بۆ دۆزینەوەی بزنس و خزمەتگوزارییەکان بە پێی شار و پۆل.
ئەپەکە ببینە:
https://shakumaku.pages.dev/
بۆ ڕوونکردنەوە ژمارە 2 بنێرە
بۆ ڕاگرتنی نامەکان ژمارە 0 بنێرە"
"+9647360121745","صاحب المشروع","Baghdad","Business","kurdish","سڵاو 🌟
شکو ماکو پلاتفۆرمێکە بۆ دۆزینەوەی بزنس و خزمەتگوزارییەکان بە پێی شار و پۆل.
ئەپەکە ببینە:
https://shakumaku.pages.dev/
بۆ ڕوونکردنەوە ژمارە 2 بنێرە
بۆ ڕاگرتنی نامەکان ژمارە 0 بنێرە"
"+9647671189987","صاحب المشروع","Baghdad","Business","kurdish","سڵاو 🌟
شکو ماکو پلاتفۆرمێکە بۆ دۆزینەوەی بزنس و خزمەتگوزارییەکان بە پێی شار و پۆل.
ئەپەکە ببینە:
https://shakumaku.pages.dev/
بۆ ڕوونکردنەوە ژمارە 2 بنێرە
بۆ ڕاگرتنی نامەکان ژمارە 0 بنێرە"
"+9647191429285","صاحب المشروع","Baghdad","Business","kurdish","سڵاو 🌟
شکو ماکو پلاتفۆرمێکە بۆ دۆزینەوەی بزنس و خزمەتگوزارییەکان بە پێی شار و پۆل.
ئەپەکە ببینە:
https://shakumaku.pages.dev/
بۆ ڕوونکردنەوە ژمارە 2 بنێرە
بۆ ڕاگرتنی نامەکان ژمارە 0 بنێرە"
"+9647233541986","صاحب المشروع","Baghdad","Business","kurdish","سڵاو 🌟
شکو ماکو پلاتفۆرمێکە بۆ دۆزینەوەی بزنس و خزمەتگوزارییەکان بە پێی شار و پۆل.
ئەپەکە ببینە:
https://shakumaku.pages.dev/
بۆ ڕوونکردنەوە ژمارە 2 بنێرە
بۆ ڕاگرتنی نامەکان ژمارە 0 بنێرە"
"+9647530513646","صاحب المشروع","Baghdad","Business","kurdish","سڵاو 🌟
شکو ماکو پلاتفۆرمێکە بۆ دۆزینەوەی بزنس و خزمەتگوزارییەکان بە پێی شار و پۆل.
ئەپەکە ببینە:
https://shakumaku.pages.dev/
بۆ ڕوونکردنەوە ژمارە 2 بنێرە
بۆ ڕاگرتنی نامەکان ژمارە 0 بنێرە"
"+9647978736912","صاحب المشروع","Baghdad","Business","kurdish","سڵاو 🌟
شکو ماکو پلاتفۆرمێکە بۆ دۆزینەوەی بزنس و خزمەتگوزارییەکان بە پێی شار و پۆل.
ئەپەکە ببینە:
https://shakumaku.pages.dev/
بۆ ڕوونکردنەوە ژمارە 2 بنێرە
بۆ ڕاگرتنی نامەکان ژمارە 0 بنێرە"
"+9647170128785","صاحب المشروع","Baghdad","Business","kurdish","سڵاو 🌟
شکو ماکو پلاتفۆرمێکە بۆ دۆزینەوەی بزنس و خزمەتگوزارییەکان بە پێی شار و پۆل.
ئەپەکە ببینە:
https://shakumaku.pages.dev/
بۆ ڕوونکردنەوە ژمارە 2 بنێرە
بۆ ڕاگرتنی نامەکان ژمارە 0 بنێرە"
"+9647942813815","صاحب المشروع","Baghdad","Business","kurdish","سڵاو 🌟
شکو ماکو پلاتفۆرمێکە بۆ دۆزینەوەی بزنس و خزمەتگوزارییەکان بە پێی شار و پۆل.
ئەپەکە ببینە:
https://shakumaku.pages.dev/
بۆ ڕوونکردنەوە ژمارە 2 بنێرە
بۆ ڕاگرتنی نامەکان ژمارە 0 بنێرە"
"+9647942813814","صاحب المشروع","Baghdad","Business","kurdish","سڵاو 🌟
شکو ماکو پلاتفۆرمێکە بۆ دۆزینەوەی بزنس و خزمەتگوزارییەکان بە پێی شار و پۆل.
ئەپەکە ببینە:
https://shakumaku.pages.dev/
بۆ ڕوونکردنەوە ژمارە 2 بنێرە
بۆ ڕاگرتنی نامەکان ژمارە 0 بنێرە"
"+9647515547785","صاحب المشروع","Baghdad","Business","kurdish","سڵاو 🌟
شکو ماکو پلاتفۆرمێکە بۆ دۆزینەوەی بزنس و خزمەتگوزارییەکان بە پێی شار و پۆل.
ئەپەکە ببینە:
https://shakumaku.pages.dev/
بۆ ڕوونکردنەوە ژمارە 2 بنێرە
بۆ ڕاگرتنی نامەکان ژمارە 0 بنێرە"
